城市名称,标题,地点,岗位标签,岗位福利,公司规模,公司名称,融资情况,经验,所属行业,薪资,学历
北京,【B612】数据挖掘,北京,"Java,数据分析,Scala,算法","技术氛围,技术分享,福利多多,全球业务",50-150人,咚漫,A轮,经验1-3年,"文娱丨内容,其他",10k-20k,本科及以上
北京,AI Lab-数据挖掘算法工程师,北京,"搜索,推荐,数据挖掘,人工智能",六险一金、年底双薪。提供晚餐、弹性工作,2000人以上,好未来,上市公司,经验3-5年,教育,20k-40k,硕士及以上
北京,LBS-数据挖掘工程师,北京,后端开发,平台大 发展空间,2000人以上,美团点评,上市公司,经验5-10年,消费生活,35k-60k,本科及以上
北京,安全数据挖掘负责人,北京,数据挖掘,六险一金，弹性工作，免费三餐，租房补贴,2000人以上,字节跳动,C轮,经验不限,文娱丨内容,40k-70k,本科及以上
北京,安全数据挖掘工程师,北京,数据挖掘,六险一金，弹性工作，免费三餐，租房补贴,2000人以上,字节跳动,C轮,经验3-5年,文娱丨内容,30k-50k,本科及以上
北京,安全数据挖掘实习生（可转正）,北京,数据挖掘,弹性工作，免费三餐，租房补贴，休闲下午茶,2000人以上,字节跳动,C轮,经验应届毕业生,文娱丨内容,4k-6k,本科及以上
北京,北京-机器学习数据挖掘自...,北京,"机器学习,数据挖掘",公司规模大 上市公司,2000人以上,百度,不需要融资,经验应届毕业生,工具,18k-25k,本科及以上
北京,大数据机器学习数据挖掘高...,北京,"机器学习,数据挖掘",大平台、发展空间大,2000人以上,百度,不需要融资,经验3-5年,工具,25k-50k,本科及以上
北京,大数据数据挖掘算法工程师,北京,"大数据,云计算,算法,数据挖掘",五险一金、期权奖励、各项补贴等,50-150人,盈嘉互联,不需要融资,经验3-5年,"移动互联网,企业服务",15k-30k,本科及以上
北京,大数据挖掘工程师,北京,"移动互联网,大数据,数据挖掘","福利好,环境佳,网文大佬,互联网平台",500-2000人,阅文集团,上市公司,经验5-10年,文娱丨内容,30k-50k,本科及以上
北京,大数据挖掘技术专家-核心广...,北京,数据挖掘,六险一金，免费三餐，租房补贴，扁平管理,2000人以上,字节跳动,C轮,经验3-5年,文娱丨内容,38k-65k,本科及以上
北京,大数据挖掘算法工程师,北京,"电商,移动互联网,数据挖掘,算法",平台大 发展好,2000人以上,京东集团,上市公司,经验3-5年,电商,20k-40k,本科及以上
北京,反作弊数据挖掘工程师,北京,数据挖掘,六险一金，弹性工作，免费三餐，租房补贴,2000人以上,字节跳动,C轮,经验1-3年,文娱丨内容,20k-40k,本科及以上
北京,风险数据分析师（数据挖掘）,北京,"数据挖掘,数据分析",五险一金；年度体检；福利补贴；合规合法,挚信资本(A轮),人人贷,A轮,经验1-3年,金融,15K-25K,学历不限
北京,高德-高级算法专家-POI数据...,北京,移动互联网,大平台，待遇好，空间大，16薪,2000人以上,阿里巴巴-高德,上市公司,经验5-10年,工具,25k-45k,本科及以上
北京,高级大数据挖掘算法工程师,北京,"电商,大数据,数据挖掘",500强互联网企业，福利待遇好,2000人以上,京东集团,上市公司,经验3-5年,电商,25k-45k,本科及以上
北京,高级数据挖掘工程师,北京,Hadoop,六险一金、多重福利,500-2000人,竞技世界,不需要融资,经验5-10年,"移动互联网,游戏",20k-40k,本科及以上
北京,高级数据挖掘工程师,北京,"大数据,数据挖掘,数据处理,Hadoop",五险一金、弹性工作、双休、团队氛围好,2000人以上,小米,D轮及以上,经验不限,硬件,25k-50k,学历不限
北京,高级数据挖掘工程师,北京,"地图,算法,数据挖掘,数据仓库,Java","高薪,技术氛围好,项目好,平台大",2000人以上,滴滴,不需要融资,经验不限,汽车丨出行,35k-70k,本科及以上
北京,高级数据挖掘工程师,北京,数据挖掘,七险一金，带薪年假,,火花思维,C轮,经验3-5年,"移动互联网,教育",20k-40k,本科及以上
北京,高级数据挖掘工程师,北京,"数据挖掘,数据仓库,算法","高薪高股,六险一金,提供三餐,房补",150-500人,最右,C轮,经验3-5年,文娱丨内容,40k-80k,本科及以上
北京,高级数据挖掘工程师,北京,"数据挖掘,数据分析",互联网新零售业务公司,2000人以上,瑞幸咖啡,上市公司,经验3-5年,"移动互联网,消费生活",15k-30k,本科及以上
北京,高级数据挖掘工程师,北京,"数据挖掘,数据架构,数据仓库,算法",高密度优秀人才 扁平 开放 发展空间大,500-2000人,品友互动,D轮及以上,经验3-5年,"移动互联网,广告营销",20k-40k,硕士及以上
北京,高级数据挖掘工程师,北京,"数据挖掘,算法","大型上市公司，美女多,福利好",150-500人,阿里发,B轮,经验5-10年,"移动互联网,房产家居",30k-60k,本科及以上
北京,高级数据挖掘工程师,北京,"算法,数据挖掘,Hadoop,Spark",集团公司、绩效奖金、晋升、团建、年终奖,500-2000人,新意互动,上市公司,经验3-5年,广告营销,20k-40k,本科及以上
北京,高级数据挖掘工程师,北京,"移动互联网,电商,数据挖掘,算法",五险一金、弹性工时等,150-500人,掌通未来,不需要融资,经验3-5年,"移动互联网,教育",20k-36k,本科及以上
北京,高级数据挖掘工程师-【商业化】,北京,数据挖掘,扁平化管理,2000人以上,快手,D轮及以上,经验3-5年,文娱丨内容,20k-40k,本科及以上
北京,高级算法--POI数据挖掘,北京,数据挖掘,平台好，级别高，待遇好,2000人以上,阿里巴巴-高德,上市公司,经验5-10年,工具,20k-40k,本科及以上
北京,高级算法工程师【推荐、搜索、...,北京,"互联网金融,借贷,算法,数据挖掘,机器学习,搜索",七险一金、15-20薪、牛人团队,500-2000人,微聚未来,不需要融资,经验3-5年,"移动互联网,金融",40k-80k,本科及以上
北京,高级资深数据挖掘工程师-...,北京,数据挖掘,150天；免费三餐下午茶,2000人以上,字节跳动,C轮,经验3-5年,文娱丨内容,30k-60k,本科及以上
北京,高级资深数据挖掘工程师-...,北京,数据挖掘,六险一金，弹性工作，免费三餐，租房补贴,2000人以上,字节跳动,C轮,经验3-5年,文娱丨内容,30k-60k,本科及以上
北京,广告反作弊数据挖掘工程师,北京,后端开发,六险一金，弹性工作，免费三餐，租房补贴,2000人以上,字节跳动,C轮,经验1-3年,文娱丨内容,25k-50k,本科及以上
北京,行为数据挖掘专家,北京,"算法,数据挖掘,数据处理","国际化团队,团队负责人,专注技术,年终期权",蚂蚁金服(D轮及以上)，DCM;华创(A轮)，IDG(天使轮),AKULAKU,D轮及以上,经验3-5年,"移动互联网,金融",40k-60k,本科及以上
北京,机器学习数据挖掘,北京,"人工智能,机器学习,深度学习","飞速发展,大牛导师,七险一金",数美科技获1000万美元A轮融资，顺为资本、清流资本、百度风投、360投资(A轮),数美,B轮,经验应届毕业生,"企业服务,数据服务",18k-30k,本科及以上
北京,机器学习数据挖掘（校招）,北京,"Hadoop,Spark,Storm","飞速发展,大牛导师,七险一金",数美科技获1000万美元A轮融资，顺为资本、清流资本、百度风投、360投资(A轮),数美,B轮,经验应届毕业生,"企业服务,数据服务",18k-30k,本科及以上
北京,机器学习数据挖掘（校招）,北京,"Storm,Spark,Hadoop","飞速发展,顶尖团队,七险一金",数美科技获1000万美元A轮融资，顺为资本、清流资本、百度风投、360投资(A轮),数美,B轮,经验应届毕业生,"企业服务,数据服务",18k-25k,本科及以上
北京,机器学习数据挖掘工程师,北京,"C++,LinuxUnix,后端,Python",年底双薪，带薪年假，专人培养，技术氛围好,2000人以上,百度,不需要融资,经验1-3年,工具,15k-30k,本科及以上
北京,美团地图-数据挖掘工程师,北京,数据挖掘,平台大 发展空间,2000人以上,美团点评,上市公司,经验3-5年,消费生活,35k-40k,硕士及以上
北京,美团地图-资深数据挖掘工程师,北京,数据挖掘,大平台 技术强,2000人以上,美团点评,上市公司,经验5-10年,消费生活,40k-60k,本科及以上
北京,人工智能业务数据挖掘工程...,北京,"电商,大数据,数据挖掘","AI领域,餐补,世界五百强",2000人以上,京东集团,上市公司,经验3-5年,电商,20k-30k,本科及以上
北京,闪购-数据挖掘技术专家,北京,数据挖掘,新业务，发展空间大,2000人以上,美团点评,上市公司,经验5-10年,消费生活,30k-60k,本科及以上
北京,数据数据挖掘工程师,北京,"Java,Hadoop,NLP,数据挖掘","大牛云集,明星团队",2000人以上,小米,D轮及以上,经验3-5年,硬件,20k-40k,本科及以上
北京,数据挖掘,北京,"大数据,工具软件,数据挖掘,数据处理,搜索,ETL",国有控股智慧科技公司,50-150人,福通四维,不需要融资,经验3-5年,数据服务,15K-25K,本科及以上
北京,数据挖掘,北京,"大数据,数据挖掘,数据仓库,数据分析",知名企业 福利好,15-50人,荣曜科技,不需要融资,经验3-5年,"移动互联网,消费生活",22k-40k,硕士及以上
北京,数据挖掘,北京,"互联网金融,借贷,数据挖掘,SQLServer",弹性工作,500-2000人,Opera,上市公司,经验3-5年,移动互联网,25k-40k,本科及以上
北京,数据挖掘,北京,"旅游,大数据,Spark,Hive","平台很高,数据资源丰富,环境开阔,福利好",150-500人,长安通信科技有限责任公司,未融资,经验3-5年,"信息安全,数据服务",15k-30k,本科及以上
北京,数据挖掘,北京,数据挖掘,扁平化管理，团队nice,50-150人,源梦伟业,未融资,经验3-5年,"移动互联网,数据服务",25k-50k,本科及以上
北京,数据挖掘,北京,数据挖掘,十四薪；午餐晚餐；六险一金；地铁周边；,,洋钱罐,不需要融资,经验1-3年,"移动互联网,金融",15k-30k,本科及以上
北京,数据挖掘,北京,数据挖掘,数据leader,150-500人,深航动力,未融资,经验3-5年,移动互联网,20k-30k,本科及以上
北京,数据挖掘,北京,"数据挖掘,数据分析,搜索",五险二金、年假、免费早午餐、住宿,2000人以上,知网,上市公司,经验不限,"移动互联网,电商",8k-15k,硕士及以上
北京,数据挖掘,北京,"云计算,大数据,算法,NLP,数据分析,数据处理",数据量大、高负载、发展前景好、C轮,"老虎环球基金 ，君联资本，DCM(C轮)，君联资本、DCM(A轮,B轮)，DCM(A轮)",Udesk－企业级智能客服平台,C轮,经验3-5年,企业服务,20k-40k,本科及以上
北京,数据挖掘 工程师,北京,"大数据,MySQL,数据挖掘,数据处理,数据分析",提供互联网行业有竞争力薪资福利,15-50人,墨宽投资,不需要融资,经验不限,金融,10k-20k,本科及以上
北京,数据挖掘 实习生,北京,"大数据,MySQL,数据分析,数据处理",提供互联网行业有竞争力薪资福利,15-50人,墨宽投资,不需要融资,经验应届毕业生,金融,4k-8k,本科及以上
北京,数据挖掘&算法工程师,北京,"电商,数据挖掘,算法",年终奖 五险一金 团建 期权,150-500人,一亩田,C轮,经验1-3年,"移动互联网,电商",16k-28k,本科及以上
北京,数据挖掘（实习生校招）,北京,"广告营销,大数据,算法,数据挖掘","大牛云集,快速发展,技术强",数美科技获1000万美元A轮融资，顺为资本、清流资本、百度风投、360投资(A轮),数美,B轮,经验应届毕业生,"企业服务,数据服务",3k-6k,本科及以上
北京,数据挖掘（实习校招）,北京,"广告营销,大数据,算法,数据挖掘","大牛导师,技术氛围好,海量数据,飞速发展",数美科技获1000万美元A轮融资，顺为资本、清流资本、百度风投、360投资(A轮),数美,B轮,经验不限,"企业服务,数据服务",3k-6k,本科及以上
北京,数据挖掘（实习校招）,北京,"广告营销,大数据,算法,数据挖掘","大牛导师,技术氛围好,海量数据,飞速发展",数美科技获1000万美元A轮融资，顺为资本、清流资本、百度风投、360投资(A轮),数美,B轮,经验应届毕业生,"企业服务,数据服务",3k-6k,学历不限
北京,数据挖掘（校招）,北京,"Hadoop,Spark","快速发展,人工智能,大数据,待遇好",数美科技获1000万美元A轮融资，顺为资本、清流资本、百度风投、360投资(A轮),数美,B轮,经验应届毕业生,"企业服务,数据服务",15K-25K,本科及以上
北京,数据挖掘（校招）,北京,"Hadoop,Spark,Storm",快速发展，七险一金,数美科技获1000万美元A轮融资，顺为资本、清流资本、百度风投、360投资(A轮),数美,B轮,经验应届毕业生,"企业服务,数据服务",15k-30k,本科及以上
北京,数据挖掘（校招）,北京,"Hadoop,Spark,Storm","快速发展,人工智能,大数据,待遇好",数美科技获1000万美元A轮融资，顺为资本、清流资本、百度风投、360投资(A轮),数美,B轮,经验应届毕业生,"企业服务,数据服务",15K-25K,本科及以上
北京,数据挖掘（用户画像）,北京,"电商,移动互联网,数据架构,数据分析",一线互联网技术背景+全年最高19薪,,车好多集团,D轮及以上,经验5-10年,消费生活,30k-60k,硕士及以上
北京,数据挖掘产品经理（BI）,北京,"BI,数据库,数据分析",高效的团队，有魅力的领导,学而思好未来(),学科网,B轮,经验3-5年,移动互联网,20k-35k,本科及以上
北京,数据挖掘岗,北京,"大数据,数据挖掘","薪资待遇好,办公环境好,办公不压抑",500-2000人,金利恒,未融资,经验3-5年,其他,30k-50k,本科及以上
北京,数据挖掘高级工程师,北京,数据挖掘,新业务 空间大,2000人以上,美团点评,上市公司,经验5-10年,消费生活,30k-60k,本科及以上
北京,数据挖掘工程师,北京,"Hadoop,Spark,Hive,Java",薪资高于市场平均水平,50-150人,昆山科信,未融资,经验3-5年,"移动互联网,电商",18k-30k,本科及以上
北京,数据挖掘工程师,北京,"Hadoop,Spark,数据挖掘","人工智能,独角兽,工程师文化",七海资本(B轮),roobo,B轮,经验3-5年,硬件,25k-50k,本科及以上
北京,数据挖掘工程师,北京,"Hive,数据挖掘,算法,Spark",七险一金 牛人指引 餐饮补贴 技术氛围强,500-2000人,微聚未来,不需要融资,经验3-5年,"移动互联网,金融",20k-40k,本科及以上
北京,数据挖掘工程师,北京,"MySQL,算法",六险一金 地铁周边,2000人以上,北京捷越联合,不需要融资,经验1-3年,金融,18k-25k,本科及以上
北京,数据挖掘工程师,北京,"NLP,算法,数据挖掘",平台大，业务发展迅速，技术氛围浓厚,2000人以上,360,上市公司,经验3-5年,信息安全,16k-30k,本科及以上
北京,数据挖掘工程师,北京,"NLP,算法,数据挖掘",七险一金；大牛带队；上升空间,,妙计旅行,B轮,经验3-5年,旅游,20k-30k,本科及以上
北京,数据挖掘工程师,北京,大数据,16薪 地铁周边 六险一金,150-500人,鼎阅传媒,不需要融资,经验3-5年,移动互联网,20k-30k,本科及以上
北京,数据挖掘工程师,北京,"大数据,NLP,算法,数据挖掘","技术提高,发展前景,年度旅行,团队好",2000人以上,金山办公软件,上市公司,经验3-5年,移动互联网,30k-50k,本科及以上
北京,数据挖掘工程师,北京,"大数据,金融,Hadoop,Spark,数据挖掘","免费三餐,免费健身房,六险一金,各种团建",2000人以上,金山办公软件,上市公司,经验1-3年,移动互联网,15k-30k,本科及以上
北京,数据挖掘工程师,北京,"大数据,金融,数据处理,数据分析,MySQL",弹性工作，不打卡，领导nice，补充医疗,150-500人,天创信用,B轮,经验1-3年,"移动互联网,金融",10k-20k,本科及以上
北京,数据挖掘工程师,北京,"大数据,企业服务,数据挖掘",AI行业 自主研发 精英团队,150-500人,天数智芯,A轮,经验3-5年,"企业服务,数据服务",25k-50k,硕士及以上
北京,数据挖掘工程师,北京,"大数据,数据挖掘,NLP,算法",待遇丰厚，餐补房补，临近地铁，弹性工作,50-150人,优阅互动,A轮,经验3-5年,移动互联网,15k-30k,本科及以上
北京,数据挖掘工程师,北京,"大数据,算法,数据挖掘","扁平化管理,团队氛围好,福利待遇优",2000人以上,小米,D轮及以上,经验3-5年,硬件,25k-50k,本科及以上
北京,数据挖掘工程师,北京,"大数据,算法,数据挖掘","季度奖金,零食饮料,出国旅游,16薪",150-500人,鼎阅传媒,不需要融资,经验3-5年,移动互联网,30k-35k,大专及以上
北京,数据挖掘工程师,北京,"大数据,新零售,Hadoop,Hive,数据分析,数据挖掘","福利好,待遇佳,前景好,人nice",格林深瞳、将门投资(天使轮),瞳门科技,未融资,经验3-5年,"数据服务,企业服务",20k-40k,本科及以上
北京,数据挖掘工程师,北京,"大数据,移动互联网,数据挖掘",融资实力雄厚的初创型公司,15-50人,云猜,不需要融资,经验应届毕业生,"移动互联网,金融",5k-6k,本科及以上
北京,数据挖掘工程师,北京,"电商,数据挖掘","500强,上市公司,发展空间大",2000人以上,京东集团,上市公司,经验3-5年,电商,18k-30k,本科及以上
北京,数据挖掘工程师,北京,"电商,数据挖掘",成长空间、技能提升、免费三餐,,省钱快报,C轮,经验3-5年,"移动互联网,电商",25k-50k,本科及以上
北京,数据挖掘工程师,北京,"广告营销,大数据,NLP,算法,数据挖掘,数据分析",前景好，业务好，核心部门,2000人以上,新浪网,上市公司,经验1-3年,文娱丨内容,25k-50k,本科及以上
北京,数据挖掘工程师,北京,后端开发,六险一金，弹性工作，免费三餐，租房补贴,2000人以上,字节跳动,C轮,经验1-3年,文娱丨内容,40k-70k,本科及以上
北京,数据挖掘工程师,北京,金融,福利待遇+晋升空间+团队氛围+平台稳定性,50-150人,展旗科技,未融资,经验5-10年,"电商,数据服务",20k-40k,本科及以上
北京,数据挖掘工程师,北京,"金融,新零售,数据挖掘,数据分析,数据处理,算法",产学研结合，大牛带队,500-2000人,北京大数据研究院,不需要融资,经验1-3年,"教育,其他",15K-25K,学历不限
北京,数据挖掘工程师,北京,"数据分析,数据挖掘,NLP,算法",技术大牛，大平台，双休，弹性时间,500-2000人,实地高科技,不需要融资,经验3-5年,其他,18k-35k,本科及以上
北京,数据挖掘工程师,北京,数据挖掘,地铁周边、带薪年假、扁平管理、不打卡,150-500人,梧桐车联,不需要融资,经验3-5年,"硬件,人工智能",20k-40k,本科及以上
北京,数据挖掘工程师,北京,数据挖掘,福利好，技术大牛，免费下午茶,,映客,上市公司,经验3-5年,文娱丨内容,25k-40k,本科及以上
北京,数据挖掘工程师,北京,数据挖掘,六险一金，扁平管理，快速成长，大神助力,150-500人,腾梭科技,A轮,经验1-3年,"金融,人工智能",15K-25K,本科及以上
北京,数据挖掘工程师,北京,数据挖掘,六险一金，弹性工作，免费三餐，租房补贴，带薪休假，休闲下午茶，扁平管理，健身瑜伽，过亿用户，职业大牛，晋升空间，团队氛围好，优厚薪资,2000人以上,字节跳动,C轮,经验1-3年,文娱丨内容,20k-40k,本科及以上
北京,数据挖掘工程师,北京,"数据挖掘,Hadoop,Spark",优质平台,2000人以上,贝壳,D轮及以上,经验5-10年,房产家居,30k-50k,本科及以上
北京,数据挖掘工程师,北京,"数据挖掘,Hive",核心业务，行业大牛，上升空间，弹性作息,150-500人,高域海汇,不需要融资,经验3-5年,移动互联网,20k-35k,本科及以上
北京,数据挖掘工程师,北京,"数据挖掘,Java,Scala,算法",平台大，福利待遇好,2000人以上,360,上市公司,经验5-10年,信息安全,25k-40k,本科及以上
北京,数据挖掘工程师,北京,"数据挖掘,NLP,Hadoop",餐补，下午茶，健身房，六险一金,2000人以上,金山办公软件,上市公司,经验不限,移动互联网,20k-40k,本科及以上
北京,数据挖掘工程师,北京,"数据挖掘,NLP,Hadoop",六险一金、绩效奖金、年底奖金、周末双休,50-150人,融汇,不需要融资,经验1-3年,金融,15k-20k,本科及以上
北京,数据挖掘工程师,北京,"数据挖掘,数据处理",牛人团队,,融360,上市公司,经验3-5年,金融,25k-50k,硕士及以上
北京,数据挖掘工程师,北京,"数据挖掘,数据分析",360安全、黑灰产数据,2000人以上,360,上市公司,经验3-5年,信息安全,18k-25k,学历不限
北京,数据挖掘工程师,北京,"数据挖掘,数据分析,数据仓库","五险一金,股票期权,带薪年假，地铁周边",,融慧金科,A轮,经验1-3年,"金融,数据服务",12k-24k,本科及以上
北京,数据挖掘工程师,北京,"数据挖掘,算法","千万级流量,扁平化管理,技术分享",万达、腾讯、中信(D轮及以上)，携程(C轮)，腾讯、博裕、元禾(B轮),同程艺龙,上市公司,经验3-5年,旅游,30k-60k,本科及以上
北京,数据挖掘工程师,北京,"算法,数据挖掘",股票 出境游 开放社交TOP1,2000人以上,新浪微博,上市公司,经验3-5年,文娱丨内容,30k-50k,硕士及以上
北京,数据挖掘工程师,北京,"医疗健康,大数据,数据挖掘,算法,数据架构",免费三餐 七险一金 年度体检 年度体检,150-500人,医渡云（北京）技术有限公司,B轮,经验1-3年,"消费生活,医疗丨健康",18k-25k,硕士及以上
北京,数据挖掘工程师,北京,"移动互联网,大数据","平台大,科技前沿",,探迹科技,A轮,经验1-3年,"数据服务,企业服务",15k-30k,本科及以上
北京,数据挖掘工程师(J10257),北京,"数据挖掘,数据架构,Oracle",免费三餐 弹性工作 七险一金,150-500人,医渡云（北京）技术有限公司,B轮,经验3-5年,"消费生活,医疗丨健康",15k-30k,本科及以上
北京,数据挖掘工程师(J10740),北京,"Hadoop,Java,数据挖掘",弹性工作,2000人以上,淘车二手车,A轮,经验3-5年,"移动互联网,电商",15k-30k,本科及以上
北京,数据挖掘工程师（北京深圳）...,北京,"移动互联网,数据挖掘",弹性工作,2000人以上,OPPO,不需要融资,经验3-5年,硬件,25k-40k,本科及以上
北京,数据挖掘工程师（广告平台）,北京,"移动互联网,机器学习","弹性工作,千万级用户,发展空间大",500-2000人,Opera,上市公司,经验不限,移动互联网,25k-50k,本科及以上
北京,数据挖掘工程师(画像方向),北京,数据挖掘,360安全,2000人以上,360,上市公司,经验3-5年,信息安全,20k-28k,大专及以上
北京,数据挖掘工程师（偏爬虫方向）,北京,数据挖掘,试用期全额 弹性工作 免费三餐 健身房等,2000人以上,360,上市公司,经验3-5年,信息安全,15k-30k,本科及以上
北京,数据挖掘工程师（社交关系模...,北京,"数据挖掘,数据分析",七险一金、15-20薪、牛人团队,500-2000人,微聚未来,不需要融资,经验1-3年,"移动互联网,金融",15k-30k,本科及以上
北京,数据挖掘工程师（算法方向）,北京,"大数据,算法,数据挖掘",上市国企,500-2000人,新华网,上市公司,经验3-5年,"移动互联网,文娱丨内容",15k-20k,硕士及以上
北京,数据挖掘工程师（校招）,北京,"Hadoop,Spark,Storm","快速发展,人工智能,大数据,待遇好",数美科技获1000万美元A轮融资，顺为资本、清流资本、百度风投、360投资(A轮),数美,B轮,经验应届毕业生,"企业服务,数据服务",15K-25K,本科及以上
北京,数据挖掘工程师（校招）,北京,"服务器端,LinuxUnix","快速发展,人工智能,大数据,待遇好",数美科技获1000万美元A轮融资，顺为资本、清流资本、百度风投、360投资(A轮),数美,B轮,经验应届毕业生,"企业服务,数据服务",15K-25K,本科及以上
北京,数据挖掘工程师（用户画像）,北京,"算法,数据挖掘",交通便利 福利多多 牛人带队 扁平管理,150-500人,佰策科技,A轮,经验3-5年,"移动互联网,广告营销",20k-40k,本科及以上
北京,数据挖掘工程师(用户画像方向),北京,数据挖掘,核心团队，六险一金，班车食堂,腾讯领投，美国泛大西洋资本集团、启明资本、元钛长青基金等(D轮及以上)，鸥翎投资（Ocean Link）、美国泛大西洋资本集团（General Atlantic）等(D轮及以上)，高瓴资本、Coatue、CoBuilder、启明创投、Rich Barton(C轮)，启明创投、今日资本(B轮)，今日资本(A轮),马蜂窝,D轮及以上,经验5-10年,旅游,25k-50k,本科及以上
北京,数据挖掘工程师（智慧城市）,北京,大数据,全额社保；商业保险；各种补贴；下午茶等,150-500人,绿湾科技,B轮,经验3-5年,"企业服务,数据服务",25k-50k,本科及以上
北京,数据挖掘工程师-抖音火山,北京,数据挖掘,六险一金，弹性工作，免费三餐，租房补贴,2000人以上,字节跳动,C轮,经验1-3年,文娱丨内容,25k-50k,本科及以上
北京,数据挖掘工程师-反作弊方向,北京,数据挖掘,六险一金，弹性工作，免费三餐，租房补贴,2000人以上,字节跳动,C轮,经验3-5年,文娱丨内容,30k-50k,本科及以上
北京,数据挖掘工程师-人工智能实...,北京,数据挖掘,弹性工作，免费三餐，租房补贴，扁平管理,2000人以上,字节跳动,C轮,经验3-5年,文娱丨内容,25k-50k,本科及以上
北京,数据挖掘工程师-用户产品方向,北京,数据挖掘,六险一金，弹性工作，免费三餐，租房补贴,2000人以上,字节跳动,C轮,经验1-3年,文娱丨内容,20k-35k,本科及以上
北京,数据挖掘工程师-增长策略方向,北京,数据挖掘,六险一金，弹性工作，免费三餐，租房补贴,2000人以上,字节跳动,C轮,经验3-5年,文娱丨内容,30k-60k,本科及以上
北京,数据挖掘工程师专家,北京,"电商,移动互联网,数据挖掘",具有挑战力的落地应用场景，成长空间,,车好多集团,D轮及以上,经验3-5年,消费生活,30k-60k,硕士及以上
北京,数据挖掘工程师专家,北京,"算法,数据挖掘,人工智能,机器学习",全年最高19薪+六险一金+靠谱团队,2000人以上,瓜子二手车,A轮,经验应届毕业生,"移动互联网,电商",21k-40k,硕士及以上
北京,数据挖掘工程师专家(J13721),北京,数据挖掘,完成6轮融资待上市 仓储物流互联网于一体,2000人以上,美菜网,D轮及以上,经验5-10年,电商,30k-50k,本科及以上
北京,数据挖掘工程师专家（智能...,北京,"电商,移动互联网,机器学习,数据挖掘",一线互联网技术背景+全年最高19薪,H CAPITAL、招银电信基金、首钢基金、红杉资本、经纬创投、蓝驰创投等(B轮)，红杉资本、光信资本，山行资本、微光创投、风云天使基金、诺伟其投资、经纬中国等(A轮),车好多集团,D轮及以上,经验3-5年,消费生活,30k-60k,学历不限
北京,数据挖掘架构师,北京,"数据架构,数据挖掘,算法","牛人团队,带薪年假,16薪考核,快速成长",500-2000人,微聚未来,不需要融资,经验5-10年,"移动互联网,金融",40k-60k,本科及以上
北京,数据挖掘经理,北京,"数据挖掘,算法",技术大牛，工作氛围好，行业领先,150-500人,永洪科技,C轮,经验5-10年,企业服务,30k-40k,本科及以上
北京,数据挖掘模型开发工程师（...,北京,"数据挖掘,数据分析",优秀团队、免费零食水果、地铁周边,红杉中国(A轮),融慧金科,A轮,经验应届毕业生,"金融,数据服务",4k-5k,本科及以上
北京,数据挖掘深度学习算法工程...,北京,滴滴,成熟团队 核心业务,2000人以上,滴滴,不需要融资,经验3-5年,汽车丨出行,30k-55k,本科及以上
北京,数据挖掘深度学习算法工程...,北京,"数据挖掘,算法",扁平化管理 互联网大厂 免费晚餐零食,2000人以上,滴滴,不需要融资,经验5-10年,汽车丨出行,30k-60k,本科及以上
北京,数据挖掘实习生,北京,"电商,大数据,算法,数据挖掘",年终奖 五险一金 团建 期权,150-500人,一亩田,C轮,经验应届毕业生,"移动互联网,电商",6k-10k,本科及以上
北京,数据挖掘实习生,北京,"广告营销,大数据,算法,数据挖掘,数据分析","海量数据,股票期权,待遇给力",数美科技获1000万美元A轮融资，顺为资本、清流资本、百度风投、360投资(A轮),数美,B轮,经验应届毕业生,"企业服务,数据服务",3k-6k,本科及以上
北京,数据挖掘实习生,北京,"广告营销,大数据,算法,搜索,数据分析","海量数据,股票期权,待遇给力",数美科技获1000万美元A轮融资，顺为资本、清流资本、百度风投、360投资(A轮),数美,B轮,经验应届毕业生,"企业服务,数据服务",3k-6k,硕士及以上
北京,数据挖掘实习生,北京,数据挖掘,弹性工作，免费三餐，租房补贴，休闲下午茶,2000人以上,字节跳动,C轮,经验应届毕业生,文娱丨内容,8k-15k,本科及以上
北京,数据挖掘实习生,北京,数据挖掘,六险一金，弹性工作，免费三餐，租房补贴，带薪休假，休闲下午茶，扁平管理，健身瑜伽，过亿用户，职业大牛，晋升空间，团队氛围好，优厚薪资,2000人以上,字节跳动,C轮,经验1-3年,文娱丨内容,20k-35k,本科及以上
北京,数据挖掘实习生,北京,数据挖掘,免费三餐，租房补贴，休闲下午茶，扁平管理,2000人以上,字节跳动,C轮,经验不限,文娱丨内容,3k-6k,本科及以上
北京,数据挖掘实习生,北京,"数据挖掘,Hadoop,Spark",大平台，福利好，领导nice,500-2000人,阅文集团,上市公司,经验不限,文娱丨内容,2k-4k,本科及以上
北京,数据挖掘实习生,北京,"数据挖掘,算法,Scala,SQLServer","免费通勤车,免费健身房,免费早餐",2000人以上,新浪网,上市公司,经验应届毕业生,文娱丨内容,3k-5k,硕士及以上
北京,数据挖掘实习生（2020届硕士...,北京,"移动互联网,数据运营,数据分析,数据库",周末双休、交通补、员工食堂、多重补助,50-150人,动信通科技,A轮,经验应届毕业生,"移动互联网,游戏",3k-4k,硕士及以上
北京,数据挖掘实习生（可转正）-国...,北京,数据挖掘,免费三餐，租房补贴，扁平管理，职业大牛,2000人以上,字节跳动,C轮,经验不限,文娱丨内容,4k-6k,本科及以上
北京,数据挖掘实习生-核心广告系统,北京,算法,弹性工作，免费三餐，租房补贴，休闲下午茶,2000人以上,字节跳动,C轮,经验不限,文娱丨内容,4k-8k,本科及以上
北京,数据挖掘实习生-人工智能实...,北京,数据挖掘,弹性工作，免费三餐，休闲下午茶，扁平管理,2000人以上,字节跳动,C轮,经验不限,文娱丨内容,6k-8k,本科及以上
北京,数据挖掘算法,北京,"互联网金融,数据挖掘,算法",周末双休、年14薪、全额五险一金,,千岱文化,不需要融资,经验3-5年,文娱丨内容,20k-40k,本科及以上
北京,数据挖掘算法,北京,"云计算,大数据",在家办公，薪水每周发放，良好的学习环境,少于15人,易恒科技,未融资,经验不限,"移动互联网,数据服务",15k-30k,学历不限
北京,数据挖掘算法（反欺诈）,北京,数据挖掘,待遇优厚,150-500人,每日一淘,不需要融资,经验1-3年,"移动互联网,电商",20k-40k,学历不限
北京,数据挖掘算法工程师,北京,数据挖掘,上市平台 14薪,2000人以上,四维图新,上市公司,经验不限,"移动互联网,消费生活",15K-25K,博士及以上
北京,数据挖掘算法工程师_微博搜索,北京,"算法,数据挖掘,数据分析","产品影响大,工作有挑战,激励有贡献,核心部门",2000人以上,新浪微博,上市公司,经验1-3年,文娱丨内容,20k-40k,本科及以上
北京,数据挖掘算法工程师-反作弊...,北京,数据挖掘,六险一金，高薪期权，弹性工作，免费三餐,2000人以上,字节跳动,C轮,经验3-5年,文娱丨内容,25k-50k,本科及以上
北京,数据挖掘算法工程师-反作弊...,北京,算法,六险一金，免费三餐，租房补贴,2000人以上,字节跳动,C轮,经验3-5年,文娱丨内容,20k-40k,本科及以上
北京,数据挖掘算法实习生-反作弊...,北京,数据挖掘,六险一金，高薪期权，弹性工作，免费三餐,2000人以上,字节跳动,C轮,经验不限,文娱丨内容,10k-20k,本科及以上
北京,数据挖掘算法专家 (MJ000030),北京,"人工智能,数据挖掘",团队大牛 行业独角兽,腾讯领投，高榕资本，IDG资本，蓝驰创投，创新工场(B轮),水滴互助,B轮,经验不限,"移动互联网,医疗丨健康",40k-60k,硕士及以上
北京,数据挖掘与分析师,北京,"NLP,算法,数据挖掘,数据仓库",三餐下午茶 房补 商业医疗,2000人以上,字节跳动,C轮,经验不限,文娱丨内容,25k-50k,本科及以上
北京,数据挖掘专家,北京,"Hadoop,Spark,算法,NLP",七险一金，带薪年假,,火花思维,C轮,经验5-10年,"移动互联网,教育",25k-40k,本科及以上
北京,数据挖掘专家,北京,"大数据,移动互联网,数据挖掘,数据分析,数据处理",互联网公司，专注AI领域，氛围好，待遇优,50-150人,太古代科技,B轮,经验5-10年,"区块链,人工智能",40k-80k,本科及以上
北京,数据挖掘专家,北京,"电商,本地生活,数据挖掘,算法",定期团建 福利诱人 薪资收入丰厚,15-50人,同人在线,未融资,经验5-10年,"移动互联网,社交",50k-70k,本科及以上
北京,数据挖掘专家,北京,"数据挖掘,算法,NLP",互联网公司，专注AI领域，氛围好，待遇优,50-150人,太古代科技,B轮,经验3-5年,"区块链,人工智能",30k-60k,本科及以上
北京,数据挖掘专家(J10319),北京,"电商,大数据,Hadoop,Spark,数据挖掘",技术大牛,腾讯领投，源码资本跟投(D轮及以上)，A股上市公司联络互动(C轮)，京东金融(B轮),会分期,D轮及以上,经验5-10年,"移动互联网,金融",50k-70k,本科及以上
北京,数据挖掘专家-抖音火山,北京,数据挖掘,六险一金，弹性工作，免费三餐，租房补贴,2000人以上,字节跳动,C轮,经验3-5年,文娱丨内容,25k-50k,本科及以上
北京,数据挖掘资深算法专家,北京,"电商,移动互联网,算法,NLP,数据挖掘,搜索",行业头部公司,少于15人,数豆网络,不需要融资,经验5-10年,"企业服务,数据服务",60k-100k,本科及以上
北京,搜狗输入法-数据挖掘研究员...,北京,"大数据,算法,数据挖掘,数据分析",核心团队,2000人以上,搜狗,上市公司,经验1-3年,工具,20k-40k,硕士及以上
北京,搜狗输入法-资深数据挖掘算...,北京,"社交,大数据,数据挖掘,数据分析",团队氛围好、技术牛人多、大平台,2000人以上,搜狗,上市公司,经验5-10年,工具,35k-50k,本科及以上
北京,搜狗输入法-资深数据挖掘算...,北京,数据挖掘,"大数据,用户画像,战略产品",2000人以上,搜狗,上市公司,经验3-5年,工具,30k-55k,硕士及以上
北京,搜索数据挖掘高级研发工程...,北京,"移动互联网,数据挖掘,搜索","弹性工作,股票期权,奖金丰厚,福利待遇好",2000人以上,OPPO,不需要融资,经验3-5年,硬件,25k-50k,本科及以上
北京,算法工程师-数据挖掘,北京,"算法,数据挖掘",班车、餐补,2000人以上,京东数字科技,上市公司,经验3-5年,金融,23k-46k,本科及以上
北京,算法工程师-数据挖掘-L00171,北京,算法,"班车,餐补",2000人以上,京东数字科技,上市公司,经验3-5年,金融,23k-46k,本科及以上
北京,算法工程师专家-数据挖掘...,北京,"电商,物流,数据挖掘,Scala,Hadoop,算法",弹性工作 发展空间大 股票期权,2000人以上,美菜网,D轮及以上,经验5-10年,电商,30k-60k,本科及以上
北京,算法数据挖掘高级工程师,北京,"数据挖掘,算法","福利多,环境好,技术大牛多,晋升快",500-2000人,阅文集团,上市公司,经验3-5年,文娱丨内容,30k-50k,本科及以上
北京,算法数据挖掘高级工程师,北京,"数据挖掘,算法","技术大牛多,环境好,福利好,晋升快",500-2000人,阅文集团,上市公司,经验3-5年,文娱丨内容,30k-50k,本科及以上
北京,推荐算法机器学习NLP数...,北京,"机器学习,推荐,NLP,数据挖掘",团队成员均来自BAT,2000人以上,欢聚时代（YY Inc）,上市公司,经验1-3年,文娱丨内容,30k-60k,硕士及以上
北京,文本分析与数据挖掘工程师-...,北京,数据挖掘,六险一金，弹性工作，免费三餐，租房补贴,2000人以上,字节跳动,C轮,经验3-5年,文娱丨内容,20k-40k,本科及以上
北京,无人配送部-无人车-自动驾...,北京,数据挖掘,大落地场景，复杂庞大的数据，牛人云集,2000人以上,美团点评,上市公司,经验3-5年,消费生活,25k-50k,硕士及以上
北京,智能对话–数据挖掘研究员,北京,数据挖掘,探索最前沿技术，团队气氛佳,2000人以上,搜狗,上市公司,经验1-3年,工具,20k-40k,硕士及以上
北京,智能-数据挖掘算法,北京,数据挖掘,上市公司 大牛云集 核心部门,2000人以上,美团点评,上市公司,经验3-5年,消费生活,30k-50k,硕士及以上
北京,智能语音-数据挖掘研究员,北京,"大数据,数据挖掘,数据分析",战略级项目、前沿的研发团队,2000人以上,搜狗,上市公司,经验3-5年,工具,20k-40k,本科及以上
北京,资深安全数据挖掘工程师,北京,数据挖掘,六险一金，弹性工作，免费三餐，租房补贴,2000人以上,字节跳动,C轮,经验不限,文娱丨内容,40k-60k,本科及以上
北京,资深数据挖掘工程师,北京,"大数据,金融,数据挖掘","海量数据,待遇给力,顶尖团队",,数美,B轮,经验3-5年,"企业服务,数据服务",30k-60k,本科及以上
北京,资深数据挖掘工程师,北京,"广告营销,Hadoop,算法,数据挖掘",交通便利 福利多多 牛人带队 扁平管理,150-500人,佰策科技,A轮,经验5-10年,"移动互联网,广告营销",35k-70k,本科及以上
北京,资深数据挖掘工程师,北京,数据挖掘,弹性工作，免费三餐，租房补贴，休闲下午茶,2000人以上,字节跳动,C轮,经验3-5年,文娱丨内容,30k-60k,本科及以上
北京,资深数据挖掘工程师,北京,数据挖掘,"免费三餐,六险两金,行业翘首,大牛云集",2000人以上,贝壳,D轮及以上,经验3-5年,房产家居,25k-50k,本科及以上
北京,资深数据挖掘工程师,北京,"移动互联网,数据挖掘,Hive,Hadoop",12天年假、六险一金,2000人以上,爱奇艺,上市公司,经验5-10年,文娱丨内容,25k-40k,本科及以上
北京,资深数据挖掘工程师Leader,北京,"数据挖掘,NLP,数据架构","AI,年轻无极限,工程师文化,领导nic",顶级VC投资机构(A轮),艾耕科技,A轮,经验3-5年,"移动互联网,数据服务",25k-50k,硕士及以上
北京,资深数据挖掘工程师Leader...,北京,"人工智能,数据挖掘,算法","弹性工作,零食水果,大牛团队,五险一金",顶级VC投资机构(A轮),艾耕科技,A轮,经验3-5年,"移动互联网,数据服务",25k-50k,硕士及以上
北京,资深数据挖掘工程师专家...,北京,"搜索,机器学习,推荐,算法",发展前景、技术成长、福利待遇,2000人以上,滴滴,不需要融资,经验3-5年,汽车丨出行,30k-60k,本科及以上
北京,资深数据挖掘专家,北京,"Spark,Hadoop,数据架构,数据挖掘","成长快,大平台",2000人以上,360,上市公司,经验5-10年,信息安全,30k-60k,本科及以上
北京,自动驾驶数据挖掘专家-无人车,北京,数据挖掘,技术大牛,2000人以上,美团点评,上市公司,经验5-10年,消费生活,35k-65k,博士及以上
北京,自然语言处理 \机器学习\数...,北京,"医疗健康,NLP,算法,搜索","技术大牛,15.5薪,七险一金",保密(天使轮),北京左医科技有限公司,A轮,经验3-5年,"移动互联网,医疗丨健康",25k-35k,本科及以上
成都,大数据开发工程师专家 （数...,成都,"搜索,算法,数据挖掘,数据分析",AI平台、大数据平台、中大型互联网公司,2000人以上,咪咕,不需要融资,经验5-10年,"移动互联网,文娱丨内容",25k-35k,本科及以上
成都,大数据挖掘工程师,成都,"数据挖掘,算法,Hadoop","五险一金,团聚,欢乐,学习",50-150人,海康交通大数据,不需要融资,经验3-5年,"移动互联网,数据服务",17k-25k,本科及以上
成都,高级大数据挖掘工程师,成都,"大数据,移动互联网",五险一金+绩效奖金+优厚福利+发展空间,150-500人,生学教育,A轮,经验3-5年,"移动互联网,教育",15K-25K,学历不限
成都,高级数据挖掘工程师,成都,"数据挖掘,数据架构,数据仓库",朝阳行业 晋升机会 行业前三,,美呗,B轮,经验5-10年,移动互联网,15K-25K,本科及以上
成都,高级数据挖掘工程师,成都,"算法,搜索,数据挖掘","专业培训,期权,绩效奖金,定期体检",,智库2861,天使轮,经验3-5年,"数据服务,移动互联网",15k-30k,本科及以上
成都,数据挖掘工程师,成都,"NLP,算法,数据挖掘",入职购买社保,15-50人,成都大汇智安科技有限公司,天使轮,经验5-10年,"人工智能,软件开发",15K-25K,本科及以上
成都,数据挖掘工程师-搜索方向,成都,数据挖掘,数据挖掘,,多点Dmall,C轮,经验3-5年,"电商,消费生活",15K-25K,本科及以上
成都,数据挖掘算法工程师-Algorithm,成都,"大数据,算法,数据挖掘","前沿技术,领先团队,人性化管理,竞争力待遇",150-500人,宜高美,不需要融资,经验不限,"数据服务,其他",10k-20k,硕士及以上
广州,WXG01-122 微信数据挖掘高...,广州,"社交,算法,数据挖掘",微信,2000人以上,腾讯,上市公司,经验3-5年,社交,18k-35k,本科及以上
广州,WXG01-122 微信数据挖掘工...,广州,"社交,算法,数据挖掘",微信,2000人以上,腾讯,上市公司,经验1-3年,社交,15k-30k,本科及以上
广州,ZBBU-数据挖掘工程师,广州,数据挖掘,"大平台,绩效奖金",500-2000人,酷狗音乐,上市公司,经验1-3年,文娱丨内容,18k-35k,本科及以上
广州,初级数据挖掘,广州,"移动互联网,大数据,数据挖掘,数据分析",双休 绩效奖金 上市企业,150-500人,赢商网,上市公司,经验1-3年,"移动互联网,企业服务",6k-8k,本科及以上
广州,初级数据挖掘分析模型设计,广州,"大数据,金融,数据挖掘,数据分析","金融,大数据,学习型团队",2000人以上,长亮科技,上市公司,经验不限,企业服务,8k-15k,硕士及以上
广州,大数据挖掘工程师,广州,"ETL,DBA,数据仓库","五险一金,带薪休假,年度旅游,餐费补贴",2000人以上,美的集团IT,上市公司,经验3-5年,硬件,30k-50k,本科及以上
广州,高级数据挖掘（用户画像） (M...,广州,"数据挖掘,算法",技术大牛多 领导nice 薪酬福利好,,荔枝,D轮及以上,经验3-5年,社交,15K-25K,本科及以上
广州,高级数据挖掘工程师（大数据）,广州,"大数据,云计算,数据分析,Hadoop,Spark,Storm",整体软件架构,500-2000人,中移互联网,不需要融资,经验1-3年,移动互联网,15k-30k,本科及以上
广州,高级数据挖掘工程师（大数据）,广州,"机器学习,建模,NLP,数据挖掘",平台好 发展好 部门重视,500-2000人,中移互联网,不需要融资,经验3-5年,移动互联网,21k-38k,本科及以上
广州,高级数据挖掘工程师（营销分析）,广州,"算法,搜索,Java,数据架构",福利待遇棒、发展前景好,500-2000人,中邮消费金融,不需要融资,经验5-10年,金融,17k-34k,硕士及以上
广州,机器学习数据挖掘,广州,"机器学习,数据挖掘",年底双薪 年终奖 海外机会 股票期权,150-500人,wlaike,B轮,经验3-5年,"移动互联网,企业服务",40k-70k,本科及以上
广州,数据挖掘（智能客服）,广州,数据挖掘,五险一金,,拉勾猎头,D轮及以上,经验1-3年,"移动互联网,企业服务",10k-20k,本科及以上
广州,数据挖掘\算法工程师,广州,"广告营销,大数据,算法,数据挖掘",一起研究数据背后的行为本质,150-500人,舜飞科技,未融资,经验3-5年,移动互联网,20k-40k,本科及以上
广州,数据挖掘分析工程师,广州,"大数据,数据挖掘,数据分析",核心业务,150-500人,索信达数据,上市公司,经验1-3年,人工智能,15k-30k,本科及以上
广州,数据挖掘高级资深工程师专家,广州,数据挖掘,前景好,,小鹏汽车,B轮,经验3-5年,汽车丨出行,20k-40k,本科及以上
广州,数据挖掘工程师,广州,"大数据,Java,数据挖掘","成长,福利,环境好,十五天年假",,骑鹅旅行,A轮,经验不限,"旅游,数据服务",15k-20k,本科及以上
广州,数据挖掘工程师,广州,"大数据,数据挖掘","包三餐,健身室,前景好,氛围好",,3K游戏,上市公司,经验3-5年,"游戏,移动互联网",15K-25K,本科及以上
广州,数据挖掘工程师,广州,"大数据,数据挖掘,数据分析","大数据,挖掘建模,机器学习,算法",150-500人,时代大数据,A轮,经验1-3年,数据服务,8k-15k,本科及以上
广州,数据挖掘工程师,广州,"大数据,算法,数据挖掘,数据分析","技术大牛,美女如云,福利多多,扁平管理",150-500人,广州思迈特,A轮,经验3-5年,"企业服务,数据服务",20k-30k,硕士及以上
广州,数据挖掘工程师,广州,"大数据,医疗健康,数据挖掘,MySQL,SQLServer",五险一金 平台大 免费班车 提供食宿,2000人以上,绿瘦,不需要融资,经验3-5年,医疗丨健康,20k-25k,本科及以上
广州,数据挖掘工程师,广州,"电商,本地生活,算法,搜索,数据挖掘,数据分析","待遇好,氛围好,美食多",,拼多多,上市公司,经验3-5年,"电商,移动互联网",14k-28k,本科及以上
广州,数据挖掘工程师,广州,"电商,数据挖掘,数据架构,数据分析,算法",不加班，技术氛围浓，发展机会大,50-150人,西洋汇,不需要融资,经验1-3年,"电商,移动互联网",10k-20k,本科及以上
广州,数据挖掘工程师,广州,"广告营销,大数据,数据挖掘,数据仓库","团队,平台",500-2000人,多益网络,不需要融资,经验1-3年,"移动互联网,游戏",15K-25K,本科及以上
广州,数据挖掘工程师,广州,"广告营销,大数据,算法,数据处理,数据仓库,数据架构",五险一金、法定假期、员工福利,15-50人,高越广告,不需要融资,经验1-3年,广告营销,7k-10k,本科及以上
广州,数据挖掘工程师,广州,数据挖掘,行业大牛 晋升空间广,,合众财富,不需要融资,经验3-5年,"金融,移动互联网",13k-20k,本科及以上
广州,数据挖掘工程师,广州,"数据挖掘,算法",六险一金 带薪年假 司龄假 补贴,2000人以上,宇信科技集团,上市公司,经验1-3年,金融,11k-21k,本科及以上
广州,数据挖掘工程师,广州,"信息安全,大数据,Hadoop,算法,数据挖掘,数据分析","五险一金,周末双休,带薪年假,定期培训",50-150人,广州网迅,不需要融资,经验1-3年,"移动互联网,数据服务",10k-20k,本科及以上
广州,数据挖掘工程师,广州,"医疗健康,大数据",管理规范，节假日福利，年终奖，带薪年假,2000人以上,绿瘦,天使轮,经验3-5年,医疗丨健康,20k-30k,本科及以上
广州,数据挖掘工程师,广州,"医疗健康,大数据,算法,数据挖掘","大牛多,氛围佳,环境好",2000人以上,绿瘦,不需要融资,经验5-10年,医疗丨健康,20k-30k,本科及以上
广州,数据挖掘工程师,广州,"移动互联网,大数据,数据挖掘","大数据AI,期权激励,五险一金,带薪年假",,探迹科技,A轮,经验1-3年,"数据服务,企业服务",10k-20k,本科及以上
广州,数据挖掘工程师,广州,"移动互联网,互联网金融,Scala,数据挖掘,数据分析,算法","环境好,扁平化管理,国外旅游,海外业务",50-150人,奇异果科技,不需要融资,经验3-5年,"移动互联网,游戏",25k-45k,本科及以上
广州,数据挖掘工程师,广州,"移动互联网,游戏,数据挖掘,算法,数据架构,数据处理",架构扁平，前景广阔，福利齐全，周末双休,,火烈鸟网络,B轮,经验1-3年,"移动互联网,游戏",11k-18k,硕士及以上
广州,数据挖掘工程师（2019届校招...,广州,"大数据,游戏,算法,数据挖掘,数据处理","架构扁平,大牛帮带,福利齐全,前景广阔",,火烈鸟网络,B轮,经验应届毕业生,"移动互联网,游戏",6k-10k,本科及以上
广州,数据挖掘工程师（内容画像） ...,广州,"数据挖掘,算法",技术大牛多 领导nice 薪酬福利好,,荔枝,D轮及以上,经验3-5年,社交,15k-30k,学历不限
广州,数据挖掘工程师（实习生，可...,广州,"广告营销,大数据,数据挖掘,数据分析","架构扁平,大牛帮带,前景广阔,福利齐全",,火烈鸟网络,B轮,经验应届毕业生,"移动互联网,游戏",3k-5k,本科及以上
广州,数据挖掘工程师（数据分析师）,广州,"企业服务,大数据,数据挖掘,数据分析,算法,数据处理","气氛好,有潜力,学习机会多,人性化",15-50人,BW,未融资,经验3-5年,"企业服务,数据服务",8k-15k,学历不限
广州,数据挖掘工程师（智能客服方向）,广州,"游戏,Scala,Java,数据挖掘,数据分析",大神团队 六险一金 海外旅游 周末双休,2000人以上,网易,上市公司,经验3-5年,电商,20k-35k,本科及以上
广州,数据挖掘工程师\算法工程师,广州,"电商,新零售,数据挖掘,算法,NLP,数据架构","五险一金,免费班车,免费宿舍,发展空间大",2000人以上,蓝月亮,不需要融资,经验3-5年,消费生活,16k-25k,本科及以上
广州,数据挖掘工程师实习生,广州,数据挖掘,法定假期,15-50人,高越广告,不需要融资,经验应届毕业生,广告营销,2k-4k,硕士及以上
广州,数据挖掘数据工程数据仓...,广州,"大数据,企业服务,数据架构,数据仓库,数据挖掘",五险一金 激励奖金 定期体检 加薪升职,50-150人,觅游信息,未融资,经验1-3年,"移动互联网,企业服务",6k-9k,本科及以上
广州,数据挖掘算法工程师,广州,"广告营销,游戏,数据挖掘,数据分析","技术氛围浓,内部培训多,公司平台大,福利待遇好",2000人以上,三七互娱,上市公司,经验1-3年,游戏,15K-25K,本科及以上
广州,数据挖掘算法工程师,广州,"算法,数据挖掘,数据分析","五险一金,出国旅游,新鲜感,绩效奖金",50-150人,广东智源,不需要融资,经验不限,"移动互联网,企业服务",8k-15k,本科及以上
广州,中级数据挖掘工程师（营销分析）,广州,DBA,福利待遇棒、发展前景好,500-2000人,中邮消费金融,不需要融资,经验5-10年,金融,12k-24k,本科及以上
杭州,大数据挖掘工程师,杭州,"大数据,Hadoop,算法,数据挖掘","五险一金,高福利,双休,年底多薪",150-500人,华坤道威,不需要融资,经验3-5年,"移动互联网,数据服务",15k-30k,硕士及以上
杭州,高级数据挖掘工程师,杭州,"互联网金融,数据挖掘,数据架构,数据仓库",周末双休、晋升发展、五险一金、弹性工作,150-500人,霖梓控股,B轮,经验3-5年,"移动互联网,金融",15K-25K,本科及以上
杭州,高级数据挖掘工程师,杭州,"金融,数据挖掘,数据分析","团队开放,行业前景好,发展空间大",150-500人,杭州雅拓,不需要融资,经验3-5年,"数据服务,企业服务",25k-35k,硕士及以上
杭州,高级数据挖掘经理 06-05-68,杭州,"大数据,广告营销",独角兽企业,,大搜车,D轮及以上,经验5-10年,汽车丨出行,15k-30k,本科及以上
杭州,高级资深数据挖掘工程师（NLP）,杭州,"NLP,数据挖掘",团队氛围好,2000人以上,网易,上市公司,经验3-5年,电商,25k-36k,学历不限
杭州,机器学习数据挖掘工程师,杭州,"信息安全,算法,数据挖掘","五险一金,带薪年假,假日福利 国内外旅游",500-2000人,安恒信息,D轮及以上,经验3-5年,"信息安全,数据服务",18k-25k,本科及以上
杭州,金融-数据挖掘工程师(004189),杭州,数据挖掘,"工作有挑战,团队有激情,付出有回报",2000人以上,vivo,未融资,经验3-5年,硬件,25k-45k,本科及以上
杭州,实习数据挖掘工程师,杭州,"大数据,数据处理,数据挖掘,算法,数据分析",大数据 数据挖掘 双休 无险一金 可转正,150-500人,华坤道威,不需要融资,经验应届毕业生,"移动互联网,数据服务",4k-8k,硕士及以上
杭州,数据分析师数据挖掘,杭州,"移动互联网,工具软件,数据分析",海量数据、用户画像、业务数据驱动,2000人以上,同花顺,上市公司,经验不限,"金融,电商",20k-40k,本科及以上
杭州,数据挖掘,杭州,"Java,算法,数据仓库,Spark","上升空间大,专业团队,福利好,领导nic",,米雅,不需要融资,经验3-5年,移动互联网,20k-35k,本科及以上
杭州,数据挖掘,杭州,"大数据,金融,数据挖掘,数据分析",年底多薪 股票期权 节日福利 五险一金,50-150人,魔蝎科技,B轮,经验3-5年,"数据服务,移动互联网",15k-30k,本科及以上
杭州,数据挖掘,杭州,"机器学习,算法,数据挖掘,推荐","周末双休,五险一金,节假日福利,年终双薪",150-500人,康策网络,不需要融资,经验3-5年,"移动互联网,医疗丨健康",30k-50k,硕士及以上
杭州,数据挖掘,杭州,数据挖掘,五险一金 发展前景 工作氛围好,50-150人,九尾多保,天使轮,经验1-3年,移动互联网,8k-12k,硕士及以上
杭州,数据挖掘,杭州,"新零售,数据挖掘,算法","不打卡,带薪年假,定期体检,股票期权",,奇点云,A轮,经验3-5年,"移动互联网,消费生活",15k-30k,本科及以上
杭州,数据挖掘工程师,杭州,"大数据,金融,NLP,算法,数据挖掘,数据分析","期权奖励,商业保险,待遇给力,大牛云集",,数美,B轮,经验1-3年,"企业服务,数据服务",20k-40k,本科及以上
杭州,数据挖掘工程师,杭州,"大数据,数据挖掘","前沿行业,大数据公司,领导好,年轻团队",150-500人,览众数据,B轮,经验1-3年,"电商,数据服务",15K-25K,硕士及以上
杭州,数据挖掘工程师,杭州,"借贷,互联网金融,数据挖掘,数据分析,数据处理,数据仓库","周末双休,福利好",150-500人,霖梓控股,B轮,经验1-3年,"移动互联网,金融",10k-20k,本科及以上
杭州,数据挖掘工程师,杭州,"数据架构,数据挖掘",员工餐厅 股票期权 年度调薪 年度晋升,,浙江盘石,上市公司,经验5-10年,"移动互联网,广告营销",25k-35k,本科及以上
杭州,数据挖掘工程师,杭州,"数据挖掘,算法,数据处理",人工智能 关联创业企业 发展空间大,50-150人,昵图网,不需要融资,经验3-5年,电商,15k-30k,本科及以上
杭州,数据挖掘工程师,杭州,"算法,数据挖掘","AI,技术为核心,氛围好,美女如云",,艾耕科技,A轮,经验1-3年,"移动互联网,数据服务",15K-25K,本科及以上
杭州,数据挖掘工程师,杭州,"医疗健康,数据分析,数据挖掘","技术大拿多,晋升空间广,薪酬福利好",50-150人,贝安云,未融资,经验1-3年,"移动互联网,医疗丨健康",10k-15k,本科及以上
杭州,数据挖掘工程师,杭州,"移动互联网,大数据,Java,数据挖掘,数据分析",五险一金 交通补贴 弹性工作 扁平管理,50-150人,连信科技,不需要融资,经验3-5年,"移动互联网,金融",25k-40k,本科及以上
杭州,数据挖掘工程师,杭州,"移动互联网,大数据,SQL,数据库,数据分析","14薪,扁平,期权,自由度高",50-150人,大猷科技,天使轮,经验不限,"移动互联网,金融",15k-20k,本科及以上
杭州,数据挖掘工程师,杭州,"移动互联网,大数据,数据挖掘,数据分析,数据架构,Spark",五险一金 季度奖 出国游 年终奖,50-150人,杭州推宝科技有限公司,B轮,经验3-5年,移动互联网,20k-40k,本科及以上
杭州,数据挖掘工程师,杭州,"移动互联网,直播,数据挖掘,数据分析","福利待遇优,年轻有活力",,触手直播,D轮及以上,经验3-5年,移动互联网,15K-25K,本科及以上
杭州,数据挖掘工程师 (MJ000156),杭州,"机器学习,算法,数据挖掘",阿里系创业、云计算生态、餐补、双休,,袋鼠云,A轮,经验3-5年,数据服务,15k-30k,本科及以上
杭州,数据挖掘工程师（初级）,杭州,"算法,数据挖掘,数据处理",人工智能 关联创业企业 发展空间大,50-150人,昵图网,不需要融资,经验1年以下,电商,5k-10k,本科及以上
杭州,数据挖掘工程师算法工程师,杭州,"广告营销,算法,数据挖掘","包餐,六险一金,股权激励,年度旅游",500-2000人,光云科技,不需要融资,经验3-5年,"电商,数据服务",15K-25K,本科及以上
杭州,数据挖掘机器学习,杭州,"移动互联网,医疗健康,数据挖掘,算法","双休,全额公积金,boss牛,技术氛围佳",150-500人,禾连健康,B轮,经验3-5年,"移动互联网,医疗丨健康",20k-40k,硕士及以上
杭州,数据挖掘算法工程师,杭州,"NLP,算法,数据挖掘","工作有挑战,团队有激情,付出有回报",2000人以上,vivo,未融资,经验3-5年,硬件,25k-45k,本科及以上
杭州,数据挖掘算法工程师,杭州,"大数据,智能硬件,算法,数据分析,数据处理,数据挖掘","福利众多,五险一金,技术导向",,涂鸦智能,C轮,经验3-5年,"移动互联网,硬件",16k-32k,本科及以上
杭州,数据挖掘算法工程师,杭州,"移动互联网,智能硬件",独角兽企业；不打卡；打车免费,,涂鸦智能,C轮,经验5-10年,"移动互联网,硬件",16k-32k,本科及以上
杭州,数据挖掘知识图谱,杭州,"算法,NLP,数据挖掘,数据分析","AI,技术大牛，氛围好，领导nice",,艾耕科技,A轮,经验1-3年,"移动互联网,数据服务",20k-30k,本科及以上
杭州,算法工程师-NLPCV数据挖...,杭州,"机器学习,NLP,数据挖掘,计算机视觉","弹性工作,零食水果,大牛团队,五险一金",,艾耕科技,A轮,经验应届毕业生,"移动互联网,数据服务",3k-6k,硕士及以上
杭州,算法工程师-NLP数据挖掘...,杭州,"NLP,计算机视觉,数据挖掘,机器学习","弹性工作,周末双休,零食水果,五险一金",,艾耕科技,A轮,经验应届毕业生,"移动互联网,数据服务",15K-25K,硕士及以上
杭州,算法工程师-数据挖掘,杭州,"人工智能,机器学习,数据挖掘,算法","弹性工作,大牛同事,水果零食",,艾耕科技,A轮,经验3-5年,"移动互联网,数据服务",20k-40k,硕士及以上
杭州,算法数据挖掘技术专家高级...,杭州,算法,餐补；双休；五险一金；打车福利；带薪年假,500-2000人,未来酒店,不需要融资,经验3-5年,旅游,25k-50k,本科及以上
杭州,算法挖掘数据挖掘,杭州,"新零售,移动互联网,数据挖掘,算法,数据分析,数据处理",股票期权，五险一金，优秀同事，前景可期,50-150人,贴近Closer,不需要融资,经验3-5年,"移动互联网,文娱丨内容",25k-40k,硕士及以上
杭州,资深数据挖掘,杭州,"电商,Java,Hadoop,Spark,Scala","期权激励,管理扁平,六险一金,晋升空间",,海拍客,C轮,经验5-10年,电商,25k-35k,本科及以上
杭州,资深数据挖掘工程师,杭州,"推荐,数据挖掘,算法",核心算法岗位,2000人以上,网易,上市公司,经验3-5年,电商,25k-50k,本科及以上
杭州,资深数据挖掘工程师Leader,杭州,"人工智能,数据挖掘","弹性工作,零食水果,大牛团队,五险一金",,艾耕科技,A轮,经验3-5年,"移动互联网,数据服务",25k-50k,硕士及以上
杭州,资深数据挖掘架构师,杭州,"游戏,大数据,数据挖掘,算法,数据处理,数据分析",空间大 发展好 老板nice 奖金多,150-500人,浮云网络,上市公司,经验3-5年,"游戏,移动互联网",25k-35k,本科及以上
杭州,资深算法工程师（NLPCV数...,杭州,"深度学习,机器学习,人工智能","AI,年轻无极限,工程师文化领导nice",,艾耕科技,A轮,经验3-5年,"移动互联网,数据服务",30k-50k,硕士及以上
上海,（高级）用户数据挖掘工程师,上海,算法,六险一金，弹性工作，免费三餐，租房补贴,2000人以上,字节跳动,C轮,经验3-5年,文娱丨内容,30k-60k,本科及以上
上海,Python数据挖掘讲师,上海,"数据挖掘,数据分析,算法",年终奖、五险一金、年度旅游、带薪年假,150-500人,上海传智播客,上市公司,经验3-5年,"移动互联网,教育",25k-40k,本科及以上
上海,SFJ-大数据挖掘与分析工程...,上海,Hive,弹性工作时间 发展空间大 午餐补贴,2000人以上,顺丰科技有限公司,不需要融资,经验3-5年,物流丨运输,25k-50k,硕士及以上
上海,大数据挖掘工程师,上海,数据挖掘,"Top团队,福利好,环境佳,发展快",500-2000人,阅文集团,上市公司,经验不限,文娱丨内容,20k-40k,硕士及以上
上海,大数据挖掘技术专家-核心广...,上海,数据挖掘,六险一金，弹性工作，免费三餐，餐补,2000人以上,字节跳动,C轮,经验3-5年,文娱丨内容,25k-50k,本科及以上
上海,大数据挖掘人工智能神经...,上海,"人工智能,数据挖掘",晋升空间,,GeexFinance,A轮,经验1-3年,金融,20k-40k,本科及以上
上海,反作弊分析工程师、数据挖掘...,上海,"移动互联网,后端,Python,Shell,数据挖掘",1、团队氛围和谐、公司快速发展，前景明朗,500-2000人,趣头条,上市公司,经验3-5年,文娱丨内容,25k-45k,本科及以上
上海,高级数据挖掘,上海,数据分析,技术新颖；有发展、有前景；晋升机会多；,2000人以上,微创软件,不需要融资,经验3-5年,"企业服务,移动互联网",10k-20k,本科及以上
上海,高级数据挖掘工程师(上海),上海,"算法,数据挖掘","D轮+,14薪+,攻城狮氛围,弹性工作",,极光,上市公司,经验3-5年,企业服务,20k-35k,本科及以上
上海,高级算法-数据挖掘工程师,上海,"算法,数据挖掘,建模,机器学习","学习成长快,团队氛围好,发展空间大",50-150人,商涌网络,A轮,经验3-5年,数据服务,25k-50k,本科及以上
上海,高级资深数据挖掘工程师,上海,数据挖掘,六险一金，弹性工作，免费三餐，租房补贴,2000人以上,字节跳动,C轮,经验3-5年,文娱丨内容,30k-60k,本科及以上
上海,上海-机器学习数据挖掘工程师,上海,"云计算,大数据,人工智能,机器学习,建模,数据挖掘",大平台,2000人以上,腾讯,上市公司,经验5-10年,社交,30k-60k,本科及以上
上海,数据挖掘,上海,"大数据,数据挖掘",技术先进 互联网 金融,2000人以上,上海中软华腾软件系统有限公司,上市公司,经验不限,"企业服务,金融",9k-16k,本科及以上
上海,数据挖掘,上海,"社交,ETL,Java,Hadoop,数据仓库",超长假期，多元文化，自助午餐，英语课,50-150人,The NetCircle,不需要融资,经验3-5年,"社交,数据服务",18k-25k,本科及以上
上海,数据挖掘,上海,"数据挖掘,数据处理",绩效、补充公积金,50-150人,联元智能科技,A轮,经验3-5年,"移动互联网,数据服务",15k-30k,大专及以上
上海,数据挖掘,上海,"数据挖掘,算法",升职加薪，指日可待！！！,150-500人,旖美科技,A轮,经验不限,"数据服务,金融",15k-30k,硕士及以上
上海,数据挖掘,上海,"数据挖掘,算法","移动金融,未来金矿,精英团队,助力成长",,还呗-智能信贷领先者,B轮,经验5-10年,金融,30k-50k,本科及以上
上海,数据挖掘,上海,"算法,数据挖掘","团队实力强,大数据平台,稳定性好",2000人以上,上海中软华腾软件系统有限公司,上市公司,经验3-5年,"企业服务,金融",13k-25k,本科及以上
上海,数据挖掘 (高级资深专家),上海,数据挖掘,晋升空间大 期权福利好 开放的氛围,,哈啰出行,D轮及以上,经验3-5年,"移动互联网,硬件",15k-30k,本科及以上
上海,数据挖掘（开发工程师）,上海,数据挖掘,五险一金 技能培训 岗位晋升,500-2000人,易居克而瑞,上市公司,经验1-3年,"移动互联网,消费生活",10k-15k,本科及以上
上海,数据挖掘产品助理,上海,"大数据,数据分析,SaaS",大数据 热门领域 国际化团队,,simplyBrand,A轮,经验1-3年,数据服务,8k-10k,本科及以上
上海,数据挖掘分析师,上海,"电商,社交","数据分析,用户增长,社区电商,大牛多",500-2000人,小红书,D轮及以上,经验3-5年,消费生活,15k-30k,本科及以上
上海,数据挖掘高级工程师,上海,数据挖掘,六险一金，弹性工作，免费三餐，租房补贴,2000人以上,字节跳动,C轮,经验3-5年,文娱丨内容,20k-40k,本科及以上
上海,数据挖掘工程师,上海,"保险,互联网金融,Hadoop,算法,数据仓库,SQLServer",晋升空间，成长快 不定期公司内部培训,,众安保险,上市公司,经验3-5年,金融,15K-25K,硕士及以上
上海,数据挖掘工程师,上海,"大数据,ETL,数据挖掘,数据分析","知名产品,公司前景好,社交直播,数据丰富",,Rela热拉-多元女性社区,B轮,经验1-3年,"移动互联网,社交",12k-24k,本科及以上
上海,数据挖掘工程师,上海,"大数据,电商,算法,数据挖掘,数据处理,数据库开发",平台好，福利佳，团队好，潜力大,150-500人,上海第一财经数据,D轮及以上,经验3-5年,移动互联网,15K-25K,本科及以上
上海,数据挖掘工程师,上海,"大数据,数据挖掘,Hadoop","平台好,环境好,机会多,氛围好",15-50人,艾天科技,不需要融资,经验不限,"企业服务,数据服务",11k-22k,本科及以上
上海,数据挖掘工程师,上海,"大数据,移动互联网","大平台,中国平安",2000人以上,平安产险,上市公司,经验3-5年,金融,9k-18k,本科及以上
上海,数据挖掘工程师,上海,电商,跨境电商，平台好，扁平化管理,500-2000人,洋码头,C轮,经验3-5年,"移动互联网,电商",20k-25k,本科及以上
上海,数据挖掘工程师,上海,"电商,Hive,Spark,数据挖掘","""季度奖金，扁平化管理，福利好，环境好""",500-2000人,趣头条,上市公司,经验3-5年,文娱丨内容,30k-45k,本科及以上
上海,数据挖掘工程师,上海,"电商,教育,DBA,数据挖掘,算法",上市公司 六险一金 薪资不打折,2000人以上,精锐教育,上市公司,经验5-10年,教育,20k-30k,本科及以上
上海,数据挖掘工程师,上海,"电商,数据挖掘,Java",福利好，有发展,50-150人,清泓高分子,未融资,经验3-5年,其他,30k-60k,本科及以上
上海,数据挖掘工程师,上海,"电商,新零售,数据挖掘","年底双薪,开放自由,弹性工作制,免费咖啡",50-150人,瓴里网络,A轮,经验1-3年,移动互联网,15k-30k,本科及以上
上海,数据挖掘工程师,上海,"电商,新零售,数据挖掘,算法,NLP",员工餐厅 企业年金 超长年假 外企福利,2000人以上,宜家,不需要融资,经验3-5年,消费生活,1k-2k,本科及以上
上海,数据挖掘工程师,上海,"其他,数据挖掘,算法","AI,机器学习",50-150人,R2.ai,A轮,经验1-3年,人工智能,15k-30k,硕士及以上
上海,数据挖掘工程师,上海,"社交,本地生活,数据挖掘",快速成长,,鱼泡泡,B轮,经验3-5年,社交,20k-40k,本科及以上
上海,数据挖掘工程师,上海,数据挖掘,福利好、发展前景好,50-150人,上海纯米电子科技,C轮,经验1-3年,"移动互联网,电商",10k-20k,大专及以上
上海,数据挖掘工程师,上海,数据挖掘,平台大 公司前景好 福利多,,晶赞科技Zamplus,D轮及以上,经验3-5年,"数据服务,文娱丨内容",15k-30k,硕士及以上
上海,数据挖掘工程师,上海,数据挖掘,"平台好,大牛多,薪资待遇佳",,拼多多,上市公司,经验3-5年,"电商,移动互联网",25k-50k,本科及以上
上海,数据挖掘工程师,上海,数据挖掘,五险一金 绩效奖金 弹性工作,50-150人,安我,A轮,经验5-10年,医疗丨健康,20k-30k,硕士及以上
上海,数据挖掘工程师,上海,"数据挖掘,MySQL",AI行业独角兽，福利待遇好，弹性工作,2000人以上,商汤科技,C轮,经验1-3年,人工智能,20k-40k,硕士及以上
上海,数据挖掘工程师,上海,"数据挖掘,数据分析,算法",五险一金、交通补贴、通讯补贴、餐补,,上海厚相科技有限公司,A轮,经验1-3年,金融,10k-15k,本科及以上
上海,数据挖掘工程师,上海,"数据挖掘,算法,NLP,数据分析",免费班车，股票期权，年底双薪，补充公积金,2000人以上,NIO蔚来,上市公司,经验不限,"移动互联网,硬件",20k-35k,本科及以上
上海,数据挖掘工程师,上海,"数据挖掘,算法,数据处理",技术牛人多 工作氛围好 发展空间大,150-500人,名片全能王,C轮,经验3-5年,移动互联网,18k-35k,本科及以上
上海,数据挖掘工程师,上海,"算法,数据挖掘","有挑战,管理扁平,工程师文化",50-150人,上海展盟,不需要融资,经验1-3年,移动互联网,15k-30k,硕士及以上
上海,数据挖掘工程师,上海,"征信,算法,数据挖掘,数据分析","上市背景,发展潜力大,薪酬福利佳,领导好",50-150人,仁辉科技,不需要融资,经验1-3年,金融,13k-20k,本科及以上
上海,数据挖掘工程师,上海,"征信,算法,数据挖掘,数据分析",五险一金 商保 补充医保 年终福利丰厚 餐补,,快牛金科,B轮,经验1-3年,其他,15k-30k,硕士及以上
上海,数据挖掘工程师(J10257),上海,"数据挖掘,Oracle",免费三餐 弹性工作 七险一金,150-500人,医渡云（北京）技术有限公司,B轮,经验3-5年,"消费生活,医疗丨健康",15k-30k,本科及以上
上海,数据挖掘工程师（金融科技）,上海,"数据挖掘,数据分析",银行，国企,2000人以上,交银企服,上市公司,经验3-5年,"移动互联网,金融",10k-20k,本科及以上
上海,数据挖掘工程师(上海),上海,"算法,数据挖掘","D轮+,14薪+,攻城狮氛围,弹性工作",,极光,上市公司,经验1-3年,企业服务,15k-30k,本科及以上
上海,数据挖掘工程师-小米金融,上海,数据挖掘,丰厚绩效、技术大牛、股票激励,2000人以上,小米,D轮及以上,经验3-5年,硬件,25k-50k,本科及以上
上海,数据挖掘工程师专家,上海,数据挖掘,阿里巴巴+中兵合资,150-500人,千寻位置,不需要融资,经验5-10年,移动互联网,30k-60k,本科及以上
上海,数据挖掘机器学习工程师,上海,"大数据,算法,数据挖掘","大数据,知识图谱",150-500人,明略数据,C轮,经验不限,数据服务,35k-60k,本科及以上
上海,数据挖掘机器学习实习工程师,上海,"深度学习,搜索,推荐,人工智能",关注成长,15-50人,邻我科技,天使轮,经验不限,社交,5k-9k,本科及以上
上海,数据挖掘机器学习实习生,上海,"大数据,企业服务,人工智能,机器学习,深度学习,图像处理",关注成长,15-50人,上海邻我信息技术有限公司,天使轮,经验不限,"移动互联网,社交",4k-8k,本科及以上
上海,数据挖掘讲师,上海,"数据挖掘,算法,数据分析",不打卡、扁平管理、年度旅游、公司氛围好,2000人以上,传智播客,上市公司,经验5-10年,"移动互联网,教育",25k-40k,本科及以上
上海,数据挖掘开发,上海,"医疗健康,大数据,Java,数据挖掘","不加班,福利多,多元文化,练习英语",50-150人,The NetCircle,不需要融资,经验3-5年,"社交,数据服务",20k-35k,本科及以上
上海,数据挖掘实习生,上海,"机器学习,深度学习,建模,数据挖掘","弹性工作,年底双薪,大牛团队,带薪年假",15-50人,品见智能,不需要融资,经验不限,数据服务,4k-8k,硕士及以上
上海,数据挖掘实习-钥匙,上海,"移动互联网,数据挖掘","弹性工作,工作氛围好,福利待遇好",500-2000人,掌门集团,B轮,经验应届毕业生,"移动互联网,消费生活",3k-4k,本科及以上
上海,数据挖掘算法工程师,上海,"银行,Spark,算法,数据挖掘,Java",带薪年假，全额公积金，双休，绩效奖金,2000人以上,上海中软华腾软件系统有限公司,上市公司,经验3-5年,"企业服务,金融",13k-20k,本科及以上
上海,数据挖掘算法工程师（信贷风...,上海,"Spark,算法,数据挖掘",五险一金、绩效奖金、带薪年假、行业前沿,,同盾科技,C轮,经验3-5年,"信息安全,数据服务",10k-20k,本科及以上
上海,数据挖掘研究员,上海,"数据挖掘,算法,数据分析",大牛云集；扁平管理,2000人以上,商汤科技,C轮,经验1-3年,人工智能,20k-40k,本科及以上
上海,数据挖掘研究员,上海,"证券期货,投资融资,算法,数据挖掘,数据分析","核心产品,六险一金,上市公司,周末双休",15-50人,信易科技,上市公司,经验应届毕业生,金融,10k-20k,学历不限
上海,数据挖掘与机器学习算法工程师,上海,数据挖掘,六险一金，租房补贴，扁平管理，过亿用户,2000人以上,字节跳动,C轮,经验1-3年,文娱丨内容,25k-50k,本科及以上
上海,数据挖掘专家,上海,"大数据,互联网金融,数据挖掘,算法",体系化培养、领导nice,2000人以上,拍拍贷,上市公司,经验3-5年,金融,28k-45k,硕士及以上
上海,数据挖掘专家,上海,"电商,本地生活,数据挖掘","标配Mac,力学座椅,商业保险",,饿了么,D轮及以上,经验3-5年,消费生活,30k-40k,学历不限
上海,数据挖掘专家,上海,"算法,数据挖掘",上市公司，发展空间大,2000人以上,拍拍贷,上市公司,经验不限,金融,20k-35k,学历不限
上海,数据挖掘专家III,上海,大数据,上市公司，发展空间大,2000人以上,拍拍贷,上市公司,经验3-5年,金融,20k-30k,本科及以上
上海,数据挖掘资深专家,上海,"大数据,金融,数据挖掘",体系化培养、领导nice,2000人以上,拍拍贷,上市公司,经验5-10年,金融,50k-80k,硕士及以上
上海,算法工程师(数据挖掘),上海,"算法,数据挖掘,数据分析","保底14薪,E轮",,哈啰出行,D轮及以上,经验3-5年,"移动互联网,硬件",20k-40k,本科及以上
上海,算法数据挖掘高级工程师,上海,"大数据,算法","Top团队,福利好,发展快,环境佳",500-2000人,阅文集团,上市公司,经验3-5年,文娱丨内容,30k-50k,本科及以上
上海,运维数据挖掘专家,上海,数据挖掘,打造AIOT时代的智能运维平台,150-500人,千寻位置,不需要融资,经验3-5年,移动互联网,30k-60k,本科及以上
上海,资深数据挖掘,上海,"移动互联网,数据挖掘,数据分析",发展空间大，非996，15到20薪,500-2000人,趣头条,上市公司,经验应届毕业生,文娱丨内容,30k-60k,大专及以上
上海,资深数据挖掘分析师,上海,"移动互联网,大数据","数据分析,用户增长,社区电商,大牛多",500-2000人,小红书,D轮及以上,经验3-5年,消费生活,25k-40k,本科及以上
深圳,032182-数据挖掘工程师-数...,深圳,数据挖掘,"大平台,专业团队,高福利",2000人以上,平安产险,上市公司,经验5-10年,金融,15k-30k,本科及以上
深圳,0322Y4-数据挖掘岗,深圳,"数据挖掘,数据分析","五险一金,带薪年假,定期体检,节日福利",2000人以上,平安产险,上市公司,经验3-5年,金融,16k-32k,硕士及以上
深圳,032398-数据挖掘岗,深圳,大数据,"五险一金,绩效奖金,带薪年假,定期体检",2000人以上,平安产险,上市公司,经验3-5年,金融,16k-32k,硕士及以上
深圳,11219F-大数据挖掘岗,深圳,"云计算,数据挖掘","五险一金,带薪年假,节日福利",2000人以上,平安科技,不需要融资,经验3-5年,金融,15k-20k,本科及以上
深圳,1121AE-数据挖掘工程师,深圳,"金融,大数据,建模,数据挖掘,机器学习,深度学习","五险一金,绩效奖金,带薪年假,定期体检",2000人以上,平安科技,不需要融资,经验3-5年,金融,20k-40k,本科及以上
深圳,1121GB-数据挖掘工程师（平...,深圳,"云计算,大数据,数据挖掘","五险一金,带薪年假,节日福利,绩效奖金",2000人以上,平安科技,不需要融资,经验5-10年,金融,20k-40k,本科及以上
深圳,30359-数据挖掘高级工程师,深圳,"数据挖掘,Hadoop",大公司 大平台,2000人以上,腾讯,上市公司,经验3-5年,社交,18k-36k,本科及以上
深圳,30360-用户增长数据挖掘高...,深圳,"数据挖掘,Spark,Java",平台大,2000人以上,腾讯,上市公司,经验3-5年,社交,20k-40k,本科及以上
深圳,DSJ-大数据挖掘与分析工程师,深圳,Hive,弹性工作时间 发展空间大 午餐补贴,2000人以上,顺丰科技有限公司,不需要融资,经验3-5年,物流丨运输,25k-50k,硕士及以上
深圳,DSJ-高级大数据挖掘与分析...,深圳,"数据分析,Hive",弹性工作时间 发展空间大 午餐补贴,2000人以上,顺丰科技有限公司,不需要融资,经验5-10年,物流丨运输,30k-55k,本科及以上
深圳,DSQ-大数据挖掘与分析高级...,深圳,"数据挖掘,算法",重点项目 技术氛围,2000人以上,顺丰科技有限公司,不需要融资,经验5-10年,物流丨运输,25k-35k,本科及以上
深圳,FWZ-大数据挖掘与分析工程师,深圳,"数据挖掘,数据分析,Hive,算法",项目奖励、发展空间大,2000人以上,顺丰科技有限公司,不需要融资,经验3-5年,物流丨运输,20k-40k,本科及以上
深圳,PCG04-数据挖掘工程师（深圳）,深圳,"数据挖掘,MySQL,数据分析",大公司 大平台,2000人以上,腾讯,上市公司,经验3-5年,社交,18k-36k,本科及以上
深圳,ZQC-数据挖掘工程师(个贷方向),深圳,"数据挖掘,数据架构,数据分析",五险一金 绩效奖金 带薪年假,2000人以上,微众银行,未融资,经验1-3年,金融,15K-25K,本科及以上
深圳,大数据挖掘（Spark\机器学习）,深圳,"数据挖掘,数据分析,Hadoop,Hive",银行编制！核心岗位！薪酬福利好,2000人以上,中信银行信用卡中心,上市公司,经验3-5年,"移动互联网,金融",30k-60k,本科及以上
深圳,大数据挖掘工程师,深圳,"数据挖掘,数据仓库,Oracle,MySQL",弹性工作制 年中奖金 年终奖,150-500人,Immotor易马达科技,B轮,经验3-5年,"硬件,移动互联网",15K-25K,本科及以上
深圳,高级数据挖掘工程师,深圳,"大数据,数据挖掘",初创公司、朝阳行业、广阔的发展空间,500-2000人,招联金融,不需要融资,经验5-10年,金融,18k-30k,本科及以上
深圳,高级数据挖掘工程师,深圳,"大数据,数据挖掘,机器学习,人工智能",大公司大平台，福利待遇好,2000人以上,腾讯,上市公司,经验1-3年,社交,15k-30k,本科及以上
深圳,高级数据挖掘工程师,深圳,"数据挖掘,算法",大数据金融,150-500人,鹏元征信有限公司,不需要融资,经验3-5年,"金融,数据服务",25k-35k,本科及以上
深圳,高级数据挖掘工程师,深圳,"算法,数据挖掘,数据分析","金融,福利好",2000人以上,中信银行信用卡中心,上市公司,经验3-5年,"移动互联网,金融",25k-40k,本科及以上
深圳,高级数据挖掘工程师（深圳）,深圳,"大数据,数据挖掘,算法,数据分析","纳斯达克上市,大数据平台,攻城狮氛围",,极光,上市公司,经验3-5年,企业服务,20k-40k,本科及以上
深圳,企鹅号数据挖掘工程师,深圳,移动互联网,"福利好,平台大,薪酬高",2000人以上,腾讯,上市公司,经验3-5年,社交,18k-36k,本科及以上
深圳,企鹅号数据挖掘工程师-图像...,深圳,"数据挖掘,算法","福利好,平台大,薪酬高",2000人以上,腾讯,上市公司,经验5-10年,社交,30k-60k,硕士及以上
深圳,深圳-机器学习数据挖掘工程师,深圳,"云计算,大数据,机器学习,数据挖掘,建模,人工智能",大平台,2000人以上,腾讯,上市公司,经验5-10年,社交,30k-60k,本科及以上
深圳,数据分析数据挖掘工程师,深圳,"电商,房产服务,BI,可视化,数据分析","爸爸是万科,扁平化管理，员工福利棒",500-2000人,小泊,不需要融资,经验3-5年,消费生活,10k-20k,本科及以上
深圳,数据挖掘,深圳,数据挖掘,行业风口 高速发展 发展机会多,2000人以上,前海联动云,不需要融资,经验1-3年,消费生活,15k-20k,本科及以上
深圳,数据挖掘,深圳,数据挖掘,五险一金 带薪年假 领导好 发展空间大,50-150人,银管家,不需要融资,经验3-5年,"移动互联网,金融",15K-25K,本科及以上
深圳,数据挖掘,深圳,"数据挖掘,数据分析","奖金期权,薪资优渥,社交大咖",,忆年,B轮,经验3-5年,"移动互联网,社交",15k-20k,本科及以上
深圳,数据挖掘分析师,深圳,"数据挖掘,数据分析",优秀者可成为合伙人,50-150人,星道教育,未融资,经验3-5年,"移动互联网,教育",10k-14k,本科及以上
深圳,数据挖掘工程师,深圳,"Hadoop,数据挖掘","技术牛,高成长空间,福利好,氛围好",,我来贷WeLab,B轮,经验3-5年,金融,18k-35k,本科及以上
深圳,数据挖掘工程师,深圳,"保险,互联网金融","五险一金,商业保险,企业年金,领导好",2000人以上,平安人寿,上市公司,经验不限,金融,20k-40k,本科及以上
深圳,数据挖掘工程师,深圳,"大数据,NLP,算法,数据挖掘",大牛带队、自我提升、股票期权,15-50人,微赢世纪,天使轮,经验3-5年,"人工智能,工具",20k-40k,本科及以上
深圳,数据挖掘工程师,深圳,"大数据,房产服务,算法,数据挖掘,数据分析",周末双休 带薪年假 定期体检 晋升空间大,2000人以上,世联评估,不需要融资,经验3-5年,企业服务,12k-15k,本科及以上
深圳,数据挖掘工程师,深圳,"大数据,数据挖掘,数据分析",弹性上班、午餐 、海归精英多、技术氛围好,,小库科技,A轮,经验3-5年,移动互联网,15k-30k,本科及以上
深圳,数据挖掘工程师,深圳,"大数据,算法,数据挖掘","免费班车,带薪年假",2000人以上,TP-LINK,不需要融资,经验不限,硬件,10k-15k,本科及以上
深圳,数据挖掘工程师,深圳,"大数据,移动互联网,算法,数据挖掘","平台大,千万日活,氛围好",2000人以上,vivo,未融资,经验3-5年,硬件,25k-50k,本科及以上
深圳,数据挖掘工程师,深圳,"电商,大数据,算法,数据挖掘,数据分析,数据处理",华为系，技术氛围好，成长空间大,,翼果科技,天使轮,经验不限,"大数据,互联网,移动互联网",10k-19k,本科及以上
深圳,数据挖掘工程师,深圳,"互联网金融,保险,数据挖掘,Spark,MySQL,数据处理",高薪岗位，发展空间大。,150-500人,家德固,不需要融资,经验3-5年,移动互联网,25k-50k,本科及以上
深圳,数据挖掘工程师,深圳,"互联网金融,数据挖掘,算法,NLP,数据处理",五险一金 年底双薪 节日礼物 文体活动,2000人以上,拉卡拉,未融资,经验5-10年,金融,25k-50k,本科及以上
深圳,数据挖掘工程师,深圳,"教育,移动互联网,算法,Spark,Hadoop,Java","IP品牌,有爱团队,周末双休,福利多多",,有伴科技,C轮,经验1-3年,"移动互联网,教育",15K-25K,硕士及以上
深圳,数据挖掘工程师,深圳,数据挖掘,"14薪起,大牛云集,海量数据,股票期权",,数位科技,B轮,经验3-5年,企业服务,20k-40k,本科及以上
深圳,数据挖掘工程师,深圳,数据挖掘,包午晚餐 交通便利 福利诱人 团队专业,150-500人,SEE小电铺,C轮,经验1-3年,移动互联网,15k-30k,本科及以上
深圳,数据挖掘工程师,深圳,数据挖掘,成长空间大。,15-50人,上海勤劝教育,天使轮,经验5-10年,"移动互联网,教育",30k-50k,本科及以上
深圳,数据挖掘工程师,深圳,数据挖掘,"发展空间大,团队氛围好,股票期权",150-500人,房极客,B轮,经验1-3年,"移动互联网,企业服务",12k-20k,本科及以上
深圳,数据挖掘工程师,深圳,数据挖掘,发展前景,150-500人,WeSure微保,不需要融资,经验不限,金融,15k-30k,本科及以上
深圳,数据挖掘工程师,深圳,数据挖掘,高额年终奖 团建 体检 旅游,500-2000人,海南新浪爱问普惠科技有限公司,未融资,经验3-5年,金融,21k-30k,本科及以上
深圳,数据挖掘工程师,深圳,数据挖掘,数据挖掘,500-2000人,精准科技,不需要融资,经验3-5年,移动互联网,25k-50k,本科及以上
深圳,数据挖掘工程师,深圳,数据挖掘,"双休,带薪年假,节日福利",500-2000人,万普瑞邦,C轮,经验1-3年,"移动互联网,医疗丨健康",10k-20k,大专及以上
深圳,数据挖掘工程师,深圳,"数据挖掘,数据架构,算法",团队年轻 扁平化管理 发展空间大,150-500人,深圳市库盒科技有限公司,B轮,经验1-3年,移动互联网,18k-30k,本科及以上
深圳,数据挖掘工程师,深圳,"数据挖掘,算法",发展前景好，团队氛围棒,2000人以上,珍爱网,不需要融资,经验3-5年,"社交,消费生活",18k-30k,硕士及以上
深圳,数据挖掘工程师,深圳,"算法,数据挖掘",上市公司、技术氛围好、弹性工作制,,极光,上市公司,经验1-3年,企业服务,15k-30k,本科及以上
深圳,数据挖掘工程师,深圳,"新零售,数据挖掘","发展空间大,品牌影响大",2000人以上,顺丰-丰e足食,上市公司,经验3-5年,"移动互联网,消费生活",20k-35k,本科及以上
深圳,数据挖掘工程师(J10153),深圳,数据挖掘,福利好，环境好，水果，双休，领导nice,150-500人,传易,不需要融资,经验1-3年,"移动互联网,社交",15K-25K,学历不限
深圳,数据挖掘工程师（财务分析方向）,深圳,"移动互联网,新零售,数据挖掘,数据分析,MySQL",公司品牌,2000人以上,顺丰-丰e足食,上市公司,经验3-5年,"移动互联网,消费生活",15K-25K,本科及以上
深圳,数据挖掘工程师（反欺诈）,深圳,"数据挖掘,数据分析",3亿用户、大咖多、氛围好、福利优厚,,随手科技,C轮,经验1-3年,金融,13k-25k,本科及以上
深圳,数据挖掘工程师（推荐方向）,深圳,"算法,数据挖掘,数据分析","待遇优厚,成长空间大,弹性上班,下午茶",,小步网络,B轮,经验3-5年,移动互联网,20k-40k,本科及以上
深圳,数据挖掘工程师-风控业务,深圳,"",弹性工作，免费三餐，租房补贴，休闲下午茶,2000人以上,字节跳动,C轮,经验3-5年,文娱丨内容,25k-50k,本科及以上
深圳,数据挖掘工程师-游戏,深圳,数据挖掘,六险一金，弹性工作，免费三餐，租房补贴,2000人以上,字节跳动,C轮,经验不限,文娱丨内容,25k-50k,本科及以上
深圳,数据挖掘机器学习算法工程师,深圳,"","央企,制度完善,福利齐全",,拉勾猎头,D轮及以上,经验3-5年,"移动互联网,企业服务",30k-50k,硕士及以上
深圳,数据挖掘机器学习算法工程师,深圳,"大数据,金融","工作氛围好,福利待遇好",2000人以上,中国中投证券,不需要融资,经验3-5年,金融,15K-25K,硕士及以上
深圳,数据挖掘开发工程师(003706),深圳,通信网络设备,"股票期权,千万级用户,福利待遇好",2000人以上,vivo,未融资,经验3-5年,硬件,15k-30k,本科及以上
深圳,数据挖掘实习,深圳,"本地生活,信息安全","博士内推,成长空间大,氛围轻松",少于15人,超级码力,天使轮,经验应届毕业生,"移动互联网,消费生活",3k-6k,本科及以上
深圳,数据挖掘实习生,深圳,数据挖掘,弹性工作，免费三餐，租房补贴，休闲下午茶,2000人以上,字节跳动,C轮,经验不限,文娱丨内容,8k-15k,本科及以上
深圳,数据挖掘实习生,深圳,数据挖掘,工作氛围好,150-500人,华阅文化,A轮,经验应届毕业生,移动互联网,3k-5k,本科及以上
深圳,数据挖掘算法工程师,深圳,"大数据,Hadoop,Java,算法,数据挖掘",平台大，福利好，薪酬高，成长快,2000人以上,腾讯,上市公司,经验3-5年,社交,20k-30k,本科及以上
深圳,数据挖掘算法工程师,深圳,"算法,数据挖掘",六险一金，弹性工作，免费三餐，租房补贴,2000人以上,字节跳动,C轮,经验3-5年,文娱丨内容,25k-50k,本科及以上
深圳,数据挖掘算法工程师（2020珍...,深圳,数据挖掘,"工作环境佳,平台大,周末双休",2000人以上,珍爱网,不需要融资,经验应届毕业生,"社交,消费生活",15K-25K,本科及以上
深圳,数据挖掘算法工程师-lark,深圳,数据挖掘,六险一金，高薪期权，弹性工作，免费三餐,2000人以上,字节跳动,C轮,经验3-5年,文娱丨内容,30k-60k,本科及以上
深圳,数据挖掘专家,深圳,"数据挖掘,算法,MySQL","季度奖金,年度奖金",,深圳市麦谷科技有限公司,A轮,经验5-10年,"移动互联网,数据服务",30k-50k,硕士及以上
深圳,数据挖掘总监,深圳,"互联网金融,数据挖掘,数据分析","领导好,发展空间",500-2000人,飞贷金融科技,B轮,经验5-10年,"移动互联网,金融",30k-60k,本科及以上
深圳,搜索数据挖掘高级研发工程...,深圳,"移动互联网,数据挖掘,搜索","弹性工作,股票期权,奖金丰厚,福利待遇好",2000人以上,OPPO,不需要融资,经验3-5年,硬件,25k-50k,本科及以上
深圳,图数据挖掘工程师,深圳,"互联网金融,电商,Python","发展平台大,期权年终,弹性上班",,AKULAKU,D轮及以上,经验不限,"移动互联网,金融",23k-35k,本科及以上
深圳,用户数据挖掘工程师,深圳,算法,六险一金，高薪期权，弹性工作，免费三餐,2000人以上,字节跳动,C轮,经验3-5年,文娱丨内容,30k-60k,本科及以上
深圳,用户数据挖掘工程师,深圳,移动互联网,六险一金，租房补贴，免费三餐，弹性工作,2000人以上,字节跳动,C轮,经验不限,文娱丨内容,20k-40k,本科及以上
深圳,游戏安全数据挖掘工程师,深圳,数据挖掘,弹性工作，免费三餐，租房补贴，休闲下午茶,2000人以上,字节跳动,C轮,经验3-5年,文娱丨内容,25k-50k,本科及以上
深圳,资深数据挖掘工程师,深圳,"大数据,BI,数据分析,数据库,SPSS",薪资open,50-150人,顶尖传奇,未融资,经验3-5年,文娱丨内容,60k-100k,本科及以上
深圳,资深数据挖掘工程师,深圳,"数据挖掘,Hive",弹性工作制，工资加奖金，薪资可谈。,15-50人,联医科技,未融资,经验3-5年,"移动互联网,医疗丨健康",28k-40k,硕士及以上
深圳,资深数据挖掘工程师 (MJ000...,深圳,数据挖掘,大牛同事,,追一科技,C轮,经验3-5年,"移动互联网,企业服务",25k-50k,硕士及以上
武汉,机器学习数据挖掘研发工程师,武汉,"算法,数据挖掘,数据分析","新零售,平台大,技术氛围好,大牛多",500-2000人,Today今天连锁便利,B轮,经验3-5年,消费生活,15k-30k,本科及以上
武汉,数据挖掘,武汉,"Java,Scala,算法,数据架构","程序开发设,数据分析,数据挖掘,算法实现",150-500人,福韵数据服务有限公司,A轮,经验1-3年,"移动互联网,数据服务",10k-20k,本科及以上
武汉,数据挖掘,武汉,数据挖掘,平台稳定,2000人以上,上海大大浦东新区公司分公司,上市公司,经验5-10年,金融,12k-22k,本科及以上
武汉,数据挖掘,武汉,数据挖掘,央企福利 大项目学习机会,500-2000人,烽火众智,不需要融资,经验应届毕业生,移动互联网,1k-2k,本科及以上
武汉,数据挖掘,武汉,"数据挖掘,数据分析","奖金期权,薪资优渥,社交大咖",,忆年,B轮,经验3-5年,"移动互联网,社交",15k-20k,本科及以上
武汉,数据挖掘,武汉,"算法,Hadoop,数据挖掘,NLP",六险一金，弹性工作时间,2000人以上,武汉佰钧成技术有限公司,不需要融资,经验不限,移动互联网,15K-25K,本科及以上
武汉,数据挖掘工程师,武汉,"大数据,数据挖掘,数据分析,数据处理",五险一金、弹性工作、双休、团队氛围好,2000人以上,小米,D轮及以上,经验3-5年,硬件,18k-36k,本科及以上
武汉,数据挖掘工程师,武汉,"数据挖掘,数据处理",空间大 成长快,,斗鱼直播,D轮及以上,经验3-5年,文娱丨内容,15K-25K,本科及以上
武汉,数据挖掘工程师,武汉,"信息安全,数据挖掘",带薪年假、免费零食、班车接送、扁平管理,150-500人,武汉安天,未融资,经验不限,移动互联网,9k-14k,本科及以上
武汉,数据挖掘工程师 — 大数据,武汉,"Hadoop,Spark","五险一金,餐补,年终奖,人工智能",2000人以上,小米,D轮及以上,经验1-3年,硬件,13k-25k,本科及以上
武汉,数据挖掘工程师 — 小爱同学,武汉,"Spark,Hadoop","五险一金,餐补,年终奖,人工智能",2000人以上,小米,D轮及以上,经验1-3年,硬件,13k-25k,本科及以上
武汉,数据挖掘工程师-大数据,武汉,"大数据,数据挖掘","发展空间大,团队氛围棒",2000人以上,小米,D轮及以上,经验3-5年,硬件,18k-35k,本科及以上
